text,counts,file
Tuesday,3,020_1994.xml
Monday,6,020_1994.xml
Saturday,5,020_1994.xml
Sunday,6,020_1994.xml
Friday,1,020_1994.xml
Saturdays,11,020_1994.xml
Sundays,11,020_1994.xml
Tuesday,3,020_1995.xml
Monday,6,020_1995.xml
Saturday,5,020_1995.xml
Sunday,6,020_1995.xml
Friday,1,020_1995.xml
Saturdays,11,020_1995.xml
Sundays,11,020_1995.xml
Tuesday,3,020_1996.xml
Monday,6,020_1996.xml
Saturday,5,020_1996.xml
Sunday,6,020_1996.xml
Friday,1,020_1996.xml
Saturdays,12,020_1996.xml
Sundays,16,020_1996.xml
Tuesday,3,020_1997.xml
Monday,6,020_1997.xml
Saturday,5,020_1997.xml
Sunday,6,020_1997.xml
Friday,1,020_1997.xml
Saturdays,10,020_1997.xml
Sundays,14,020_1997.xml
Tuesday,3,020_1998.xml
Monday,6,020_1998.xml
Saturday,5,020_1998.xml
Sunday,6,020_1998.xml
Friday,1,020_1998.xml
Saturdays,10,020_1998.xml
Sundays,14,020_1998.xml
Tuesday,3,020_1999.xml
Monday,6,020_1999.xml
Saturday,5,020_1999.xml
Sunday,6,020_1999.xml
Friday,1,020_1999.xml
Saturdays,10,020_1999.xml
Sundays,14,020_1999.xml
Tuesday,3,020_2000.xml
Monday,6,020_2000.xml
Saturday,5,020_2000.xml
Sunday,6,020_2000.xml
Friday,1,020_2000.xml
Saturdays,10,020_2000.xml
Sundays,14,020_2000.xml
Tuesday,3,020_2001.xml
Monday,6,020_2001.xml
Saturday,5,020_2001.xml
Sunday,5,020_2001.xml
Friday,1,020_2001.xml
Saturdays,10,020_2001.xml
Sundays,14,020_2001.xml
Tuesday,3,020_2002.xml
Monday,6,020_2002.xml
Saturday,5,020_2002.xml
Sunday,5,020_2002.xml
Friday,1,020_2002.xml
Saturdays,10,020_2002.xml
Sundays,14,020_2002.xml
Tuesday,3,020_2003.xml
Monday,6,020_2003.xml
Saturday,5,020_2003.xml
Sunday,5,020_2003.xml
Friday,1,020_2003.xml
Saturdays,10,020_2003.xml
Sundays,14,020_2003.xml
Tuesday,3,020_2004.xml
Monday,6,020_2004.xml
Saturday,5,020_2004.xml
Sunday,5,020_2004.xml
Friday,1,020_2004.xml
Saturdays,9,020_2004.xml
Sundays,9,020_2004.xml
Tuesday,3,020_2005.xml
Monday,6,020_2005.xml
Saturday,5,020_2005.xml
Sunday,5,020_2005.xml
Friday,1,020_2005.xml
Saturdays,9,020_2005.xml
Sundays,9,020_2005.xml
Tuesday,3,020_2006.xml
Monday,6,020_2006.xml
Saturday,5,020_2006.xml
Sunday,5,020_2006.xml
Friday,1,020_2006.xml
Saturdays,9,020_2006.xml
Sundays,9,020_2006.xml
Tuesday,3,020_2007.xml
Monday,6,020_2007.xml
Saturday,5,020_2007.xml
Sunday,5,020_2007.xml
Friday,1,020_2007.xml
Saturdays,9,020_2007.xml
Sundays,9,020_2007.xml
Tuesday,3,020_2008.xml
Monday,6,020_2008.xml
Saturday,5,020_2008.xml
Sunday,5,020_2008.xml
Friday,1,020_2008.xml
Saturdays,9,020_2008.xml
Sundays,9,020_2008.xml
Tuesday,3,020_2009.xml
Monday,6,020_2009.xml
Saturday,5,020_2009.xml
Sunday,5,020_2009.xml
Friday,1,020_2009.xml
Saturdays,9,020_2009.xml
Sundays,9,020_2009.xml
Tuesday,3,020_2010.xml
Monday,6,020_2010.xml
Saturday,5,020_2010.xml
Sunday,5,020_2010.xml
Friday,1,020_2010.xml
Saturdays,9,020_2010.xml
Sundays,9,020_2010.xml
Tuesday,3,020_2011.xml
Monday,6,020_2011.xml
Saturday,5,020_2011.xml
Sunday,5,020_2011.xml
Friday,1,020_2011.xml
Saturdays,9,020_2011.xml
Sundays,9,020_2011.xml
Tuesday,3,020_2012.xml
Monday,6,020_2012.xml
Saturday,5,020_2012.xml
Sunday,5,020_2012.xml
Friday,1,020_2012.xml
Saturdays,9,020_2012.xml
Sundays,9,020_2012.xml
Tuesday,3,020_2013.xml
Monday,6,020_2013.xml
Friday,1,020_2013.xml
Saturday,5,020_2013.xml
Sunday,5,020_2013.xml
Saturdays,9,020_2013.xml
Sundays,9,020_2013.xml
Tuesday,3,020_2014.xml
Monday,6,020_2014.xml
Friday,1,020_2014.xml
Saturday,5,020_2014.xml
Sunday,5,020_2014.xml
Saturdays,9,020_2014.xml
Sundays,9,020_2014.xml
Tuesday,3,020_2015.xml
Monday,6,020_2015.xml
Friday,1,020_2015.xml
Saturday,5,020_2015.xml
Sunday,5,020_2015.xml
Saturdays,9,020_2015.xml
Sundays,9,020_2015.xml
Tuesday,3,020_2016.xml
Monday,6,020_2016.xml
Friday,1,020_2016.xml
Saturday,5,020_2016.xml
Sunday,5,020_2016.xml
Saturdays,9,020_2016.xml
Sundays,9,020_2016.xml
Tuesday,3,020_2017.xml
Monday,6,020_2017.xml
Friday,1,020_2017.xml
Saturday,5,020_2017.xml
Sunday,5,020_2017.xml
Saturdays,9,020_2017.xml
Sundays,9,020_2017.xml
Tuesday,3,020_2018.xml
Monday,6,020_2018.xml
Friday,1,020_2018.xml
Saturday,5,020_2018.xml
Sunday,5,020_2018.xml
Saturdays,9,020_2018.xml
Sundays,9,020_2018.xml
Tuesday,3,020_2019.xml
Monday,6,020_2019.xml
Friday,1,020_2019.xml
Saturday,5,020_2019.xml
Sunday,5,020_2019.xml
Saturdays,9,020_2019.xml
Sundays,9,020_2019.xml
Tuesday,1,030_1994.xml
Monday,2,030_1994.xml
Wednesday,3,030_1994.xml
Sunday,1,030_1994.xml
Tuesday,1,030_1995.xml
Monday,2,030_1995.xml
Wednesday,3,030_1995.xml
Sunday,1,030_1995.xml
Tuesday,1,030_1996.xml
Monday,2,030_1996.xml
Wednesday,3,030_1996.xml
Sunday,1,030_1996.xml
Saturdays,1,030_1996.xml
Sundays,1,030_1996.xml
Tuesday,1,030_1997.xml
Monday,2,030_1997.xml
Wednesday,3,030_1997.xml
Sunday,1,030_1997.xml
Saturdays,1,030_1997.xml
Sundays,1,030_1997.xml
Tuesday,1,030_1998.xml
Monday,2,030_1998.xml
Wednesday,3,030_1998.xml
Sunday,1,030_1998.xml
Saturdays,1,030_1998.xml
Sundays,1,030_1998.xml
Tuesday,1,030_1999.xml
Monday,2,030_1999.xml
Wednesday,3,030_1999.xml
Sunday,1,030_1999.xml
Saturdays,1,030_1999.xml
Sundays,1,030_1999.xml
Tuesday,1,030_2000.xml
Monday,2,030_2000.xml
Wednesday,3,030_2000.xml
Sunday,1,030_2000.xml
Saturdays,1,030_2000.xml
Sundays,1,030_2000.xml
Tuesday,1,030_2001.xml
Monday,2,030_2001.xml
Wednesday,3,030_2001.xml
Sunday,1,030_2001.xml
Saturdays,1,030_2001.xml
Sundays,1,030_2001.xml
Tuesday,1,030_2002.xml
Monday,2,030_2002.xml
Wednesday,3,030_2002.xml
Sunday,1,030_2002.xml
Saturdays,1,030_2002.xml
Sundays,1,030_2002.xml
Tuesday,1,030_2003.xml
Monday,2,030_2003.xml
Wednesday,3,030_2003.xml
Sunday,1,030_2003.xml
Saturdays,1,030_2003.xml
Sundays,1,030_2003.xml
Tuesday,1,030_2004.xml
Monday,2,030_2004.xml
Wednesday,3,030_2004.xml
Sunday,1,030_2004.xml
Saturdays,1,030_2004.xml
Sundays,1,030_2004.xml
Tuesday,1,030_2005.xml
Monday,2,030_2005.xml
Wednesday,3,030_2005.xml
Sunday,1,030_2005.xml
Saturdays,1,030_2005.xml
Sundays,1,030_2005.xml
Tuesday,1,030_2006.xml
Monday,2,030_2006.xml
Wednesday,3,030_2006.xml
Sunday,1,030_2006.xml
Saturdays,1,030_2006.xml
Sundays,1,030_2006.xml
Tuesday,1,030_2007.xml
Monday,2,030_2007.xml
Wednesday,3,030_2007.xml
Sunday,1,030_2007.xml
Saturdays,1,030_2007.xml
Sundays,1,030_2007.xml
Tuesday,1,030_2008.xml
Monday,2,030_2008.xml
Wednesday,3,030_2008.xml
Sunday,1,030_2008.xml
Saturdays,1,030_2008.xml
Sundays,1,030_2008.xml
Tuesday,1,030_2009.xml
Monday,2,030_2009.xml
Wednesday,3,030_2009.xml
Sunday,1,030_2009.xml
Saturdays,1,030_2009.xml
Sundays,1,030_2009.xml
Tuesday,1,030_2010.xml
Monday,2,030_2010.xml
Wednesday,3,030_2010.xml
Sunday,1,030_2010.xml
Saturdays,1,030_2010.xml
Sundays,1,030_2010.xml
Tuesday,1,030_2011.xml
Monday,2,030_2011.xml
Wednesday,3,030_2011.xml
Sunday,1,030_2011.xml
Saturdays,1,030_2011.xml
Sundays,1,030_2011.xml
Tuesday,1,030_2012.xml
Monday,2,030_2012.xml
Wednesday,3,030_2012.xml
Sunday,1,030_2012.xml
Saturdays,1,030_2012.xml
Sundays,1,030_2012.xml
Tuesday,1,030_2013.xml
Monday,2,030_2013.xml
Wednesday,3,030_2013.xml
Sunday,1,030_2013.xml
Saturdays,1,030_2013.xml
Sundays,1,030_2013.xml
Tuesday,1,030_2014.xml
Monday,2,030_2014.xml
Wednesday,3,030_2014.xml
Sunday,1,030_2014.xml
Saturdays,1,030_2014.xml
Sundays,1,030_2014.xml
Tuesday,1,030_2015.xml
Monday,2,030_2015.xml
Wednesday,3,030_2015.xml
Sunday,1,030_2015.xml
Saturdays,1,030_2015.xml
Sundays,1,030_2015.xml
Tuesday,1,030_2016.xml
Monday,2,030_2016.xml
Wednesday,3,030_2016.xml
Sunday,1,030_2016.xml
Saturdays,1,030_2016.xml
Sundays,1,030_2016.xml
Tuesday,1,030_2017.xml
Monday,2,030_2017.xml
Wednesday,3,030_2017.xml
Sunday,1,030_2017.xml
Saturdays,1,030_2017.xml
Sundays,1,030_2017.xml
Tuesday,1,030_2018.xml
Monday,2,030_2018.xml
Wednesday,3,030_2018.xml
Sunday,1,030_2018.xml
Saturdays,1,030_2018.xml
Sundays,1,030_2018.xml
Tuesday,1,030_2019.xml
Monday,2,030_2019.xml
Wednesday,3,030_2019.xml
Sunday,1,030_2019.xml
Saturdays,1,030_2019.xml
Sundays,1,030_2019.xml
Monday,4,040_1998.xml
Sunday,2,040_1998.xml
Saturday,1,040_1998.xml
Thursday,1,040_1998.xml
Monday,5,040_1999.xml
Sunday,2,040_1999.xml
Saturday,1,040_1999.xml
Thursday,1,040_1999.xml
Monday,5,040_2000.xml
Sunday,2,040_2000.xml
Saturday,1,040_2000.xml
Thursday,1,040_2000.xml
Monday,5,040_2001.xml
Sunday,2,040_2001.xml
Saturday,1,040_2001.xml
Thursday,1,040_2001.xml
Monday,5,040_2002.xml
Sunday,2,040_2002.xml
Saturday,1,040_2002.xml
Thursday,1,040_2002.xml
Monday,5,040_2003.xml
Sunday,2,040_2003.xml
Saturday,1,040_2003.xml
Thursday,1,040_2003.xml
Monday,5,040_2004.xml
Sunday,2,040_2004.xml
Saturday,1,040_2004.xml
Thursday,1,040_2004.xml
Monday,5,040_2005.xml
Sunday,2,040_2005.xml
Saturday,1,040_2005.xml
Thursday,1,040_2005.xml
Monday,5,040_2006.xml
Sunday,2,040_2006.xml
Saturday,1,040_2006.xml
Thursday,1,040_2006.xml
Monday,5,040_2007.xml
Sunday,2,040_2007.xml
Saturday,1,040_2007.xml
Thursday,1,040_2007.xml
Monday,5,040_2008.xml
Sunday,3,040_2008.xml
Saturday,1,040_2008.xml
Thursday,1,040_2008.xml
Monday,5,040_2009.xml
Sunday,3,040_2009.xml
Saturday,1,040_2009.xml
Thursday,1,040_2009.xml
Monday,5,040_2010.xml
Sunday,3,040_2010.xml
Saturday,1,040_2010.xml
Thursday,1,040_2010.xml
Monday,5,040_2011.xml
Sunday,3,040_2011.xml
Saturday,1,040_2011.xml
Thursday,1,040_2011.xml
Monday,5,040_2012.xml
Sunday,3,040_2012.xml
Saturday,1,040_2012.xml
Thursday,1,040_2012.xml
Monday,5,040_2013.xml
Sunday,3,040_2013.xml
Saturday,1,040_2013.xml
Thursday,1,040_2013.xml
Monday,5,040_2014.xml
Sunday,3,040_2014.xml
Saturday,1,040_2014.xml
Thursday,1,040_2014.xml
Monday,5,040_2015.xml
Sunday,3,040_2015.xml
Saturday,1,040_2015.xml
Thursday,1,040_2015.xml
Monday,5,040_2016.xml
Sunday,3,040_2016.xml
Saturday,1,040_2016.xml
Thursday,1,040_2016.xml
Monday,5,040_2017.xml
Sunday,3,040_2017.xml
Saturday,1,040_2017.xml
Thursday,1,040_2017.xml
Monday,5,040_2018.xml
Sunday,3,040_2018.xml
Saturday,1,040_2018.xml
Thursday,1,040_2018.xml
Monday,5,040_2019.xml
Sunday,3,040_2019.xml
Saturday,1,040_2019.xml
Thursday,1,040_2019.xml
Saturdays,9,050_1994.xml
Sundays,9,050_1994.xml
Sunday,11,050_1994.xml
Saturday,3,050_1994.xml
Monday,9,050_1994.xml
Friday,4,050_1994.xml
Thursday,1,050_1994.xml
Saturdays,9,050_1995.xml
Sundays,9,050_1995.xml
Sunday,11,050_1995.xml
Saturday,3,050_1995.xml
Monday,9,050_1995.xml
Friday,4,050_1995.xml
Thursday,1,050_1995.xml
Saturdays,9,050_1996.xml
Sundays,9,050_1996.xml
Sunday,11,050_1996.xml
Saturday,3,050_1996.xml
Monday,9,050_1996.xml
Friday,4,050_1996.xml
Thursday,1,050_1996.xml
Saturdays,9,050_1997.xml
Sundays,9,050_1997.xml
Sunday,11,050_1997.xml
Saturday,3,050_1997.xml
Monday,9,050_1997.xml
Friday,4,050_1997.xml
Thursday,1,050_1997.xml
Saturdays,9,050_1998.xml
Sundays,9,050_1998.xml
Sunday,15,050_1998.xml
Saturday,3,050_1998.xml
Monday,13,050_1998.xml
Friday,5,050_1998.xml
Thursday,1,050_1998.xml
Saturdays,9,050_1999.xml
Sundays,9,050_1999.xml
Sunday,15,050_1999.xml
Saturday,3,050_1999.xml
Monday,13,050_1999.xml
Friday,5,050_1999.xml
Thursday,1,050_1999.xml
Saturdays,9,050_2000.xml
Sundays,9,050_2000.xml
Sunday,15,050_2000.xml
Saturday,3,050_2000.xml
Monday,13,050_2000.xml
Friday,5,050_2000.xml
Thursday,1,050_2000.xml
Saturdays,9,050_2001.xml
Sundays,9,050_2001.xml
Sunday,15,050_2001.xml
Saturday,3,050_2001.xml
Monday,13,050_2001.xml
Friday,5,050_2001.xml
Thursday,1,050_2001.xml
Saturdays,9,050_2002.xml
Sundays,9,050_2002.xml
Sunday,15,050_2002.xml
Saturday,3,050_2002.xml
Monday,13,050_2002.xml
Friday,5,050_2002.xml
Thursday,1,050_2002.xml
Saturdays,9,050_2003.xml
Sundays,9,050_2003.xml
Sunday,15,050_2003.xml
Saturday,3,050_2003.xml
Monday,13,050_2003.xml
Friday,5,050_2003.xml
Thursday,1,050_2003.xml
Saturdays,9,050_2004.xml
Sundays,9,050_2004.xml
Sunday,15,050_2004.xml
Saturday,3,050_2004.xml
Monday,13,050_2004.xml
Friday,5,050_2004.xml
Thursday,1,050_2004.xml
Saturdays,9,050_2005.xml
Sundays,9,050_2005.xml
Sunday,15,050_2005.xml
Saturday,3,050_2005.xml
Monday,13,050_2005.xml
Friday,5,050_2005.xml
Thursday,1,050_2005.xml
Saturdays,9,050_2006.xml
Sundays,9,050_2006.xml
Sunday,15,050_2006.xml
Saturday,3,050_2006.xml
Monday,13,050_2006.xml
Friday,5,050_2006.xml
Thursday,1,050_2006.xml
Saturdays,9,050_2007.xml
Sundays,9,050_2007.xml
Sunday,15,050_2007.xml
Saturday,3,050_2007.xml
Monday,13,050_2007.xml
Friday,5,050_2007.xml
Thursday,1,050_2007.xml
Saturdays,9,050_2008.xml
Sundays,9,050_2008.xml
Sunday,15,050_2008.xml
Saturday,3,050_2008.xml
Monday,13,050_2008.xml
Friday,5,050_2008.xml
Thursday,1,050_2008.xml
Saturdays,9,050_2009.xml
Sundays,9,050_2009.xml
Sunday,15,050_2009.xml
Saturday,3,050_2009.xml
Monday,13,050_2009.xml
Friday,5,050_2009.xml
Thursday,1,050_2009.xml
Monday,14,050_2010.xml
Saturdays,9,050_2010.xml
Sundays,9,050_2010.xml
Sunday,15,050_2010.xml
Saturday,3,050_2010.xml
Friday,5,050_2010.xml
Thursday,1,050_2010.xml
Monday,14,050_2011.xml
Saturdays,9,050_2011.xml
Sundays,9,050_2011.xml
Sunday,15,050_2011.xml
Saturday,3,050_2011.xml
Friday,5,050_2011.xml
Thursday,1,050_2011.xml
Monday,14,050_2012.xml
Saturdays,9,050_2012.xml
Sundays,9,050_2012.xml
Sunday,15,050_2012.xml
Saturday,3,050_2012.xml
Friday,5,050_2012.xml
Thursday,1,050_2012.xml
Monday,14,050_2013.xml
Saturdays,9,050_2013.xml
Sundays,9,050_2013.xml
Sunday,15,050_2013.xml
Saturday,3,050_2013.xml
Friday,5,050_2013.xml
Thursday,1,050_2013.xml
Monday,14,050_2014.xml
Saturdays,9,050_2014.xml
Sundays,9,050_2014.xml
Sunday,19,050_2014.xml
Saturday,3,050_2014.xml
Friday,5,050_2014.xml
Thursday,1,050_2014.xml
Monday,14,050_2015.xml
Saturdays,9,050_2015.xml
Sundays,9,050_2015.xml
Sunday,19,050_2015.xml
Saturday,3,050_2015.xml
Friday,5,050_2015.xml
Thursday,1,050_2015.xml
Monday,14,050_2016.xml
Saturdays,9,050_2016.xml
Sundays,9,050_2016.xml
Sunday,19,050_2016.xml
Saturday,3,050_2016.xml
Friday,5,050_2016.xml
Thursday,1,050_2016.xml
Monday,14,050_2017.xml
Saturdays,9,050_2017.xml
Sundays,9,050_2017.xml
Sunday,19,050_2017.xml
Saturday,3,050_2017.xml
Friday,5,050_2017.xml
Thursday,1,050_2017.xml
Monday,14,050_2018.xml
Saturdays,9,050_2018.xml
Sundays,9,050_2018.xml
Sunday,19,050_2018.xml
Saturday,3,050_2018.xml
Friday,5,050_2018.xml
Thursday,1,050_2018.xml
Monday,14,050_2019.xml
Saturdays,9,050_2019.xml
Sundays,9,050_2019.xml
Sunday,19,050_2019.xml
Saturday,3,050_2019.xml
Friday,5,050_2019.xml
Thursday,1,050_2019.xml
Friday,1,060_2006.xml
Friday,1,060_2007.xml
Friday,1,060_2008.xml
Friday,1,060_2009.xml
Friday,1,060_2010.xml
Friday,1,060_2011.xml
Friday,1,060_2012.xml
Friday,1,060_2013.xml
Friday,1,060_2014.xml
Friday,1,060_2015.xml
Friday,1,060_2016.xml
Friday,1,060_2017.xml
Friday,1,060_2018.xml
Friday,1,060_2019.xml
Friday,6,070_1994.xml
Thursday,6,070_1994.xml
Friday,6,070_1995.xml
Thursday,6,070_1995.xml
Sundays,1,070_1995.xml
Saturday,1,070_1995.xml
Sunday,1,070_1995.xml
Sundays,1,070_1996.xml
Saturday,1,070_1996.xml
Sunday,1,070_1996.xml
Friday,6,070_1996.xml
Thursday,6,070_1996.xml
Sundays,1,070_1997.xml
Saturday,1,070_1997.xml
Sunday,1,070_1997.xml
Friday,5,070_1997.xml
Thursday,5,070_1997.xml
Sundays,1,070_1998.xml
Saturday,1,070_1998.xml
Sunday,1,070_1998.xml
Friday,5,070_1998.xml
Thursday,5,070_1998.xml
Monday,2,070_1999.xml
Sunday,3,070_1999.xml
Sundays,1,070_1999.xml
Saturday,1,070_1999.xml
Friday,6,070_1999.xml
Thursday,6,070_1999.xml
Saturday,2,070_2000.xml
Monday,2,070_2000.xml
Sunday,3,070_2000.xml
Sundays,1,070_2000.xml
Friday,6,070_2000.xml
Thursday,6,070_2000.xml
Saturday,2,070_2001.xml
Monday,2,070_2001.xml
Sunday,3,070_2001.xml
Sundays,1,070_2001.xml
Friday,6,070_2001.xml
Thursday,6,070_2001.xml
Saturday,2,070_2002.xml
Monday,2,070_2002.xml
Sunday,3,070_2002.xml
Sundays,1,070_2002.xml
Friday,12,070_2002.xml
Thursday,12,070_2002.xml
Saturday,2,070_2003.xml
Monday,2,070_2003.xml
Sunday,3,070_2003.xml
Sundays,1,070_2003.xml
Friday,12,070_2003.xml
Thursday,12,070_2003.xml
Saturday,2,070_2004.xml
Monday,2,070_2004.xml
Sunday,3,070_2004.xml
Sundays,1,070_2004.xml
Friday,12,070_2004.xml
Thursday,12,070_2004.xml
Saturday,2,070_2005.xml
Monday,2,070_2005.xml
Sunday,3,070_2005.xml
Sundays,1,070_2005.xml
Friday,12,070_2005.xml
Thursday,12,070_2005.xml
Saturday,2,070_2006.xml
Monday,2,070_2006.xml
Sunday,3,070_2006.xml
Sundays,1,070_2006.xml
Friday,11,070_2006.xml
Thursday,11,070_2006.xml
Saturday,2,070_2007.xml
Monday,2,070_2007.xml
Sunday,3,070_2007.xml
Sundays,1,070_2007.xml
Friday,11,070_2007.xml
Thursday,11,070_2007.xml
Saturday,2,070_2008.xml
Monday,2,070_2008.xml
Sunday,3,070_2008.xml
Sundays,1,070_2008.xml
Friday,12,070_2008.xml
Thursday,12,070_2008.xml
Saturday,2,070_2009.xml
Monday,2,070_2009.xml
Sunday,3,070_2009.xml
Sundays,1,070_2009.xml
Friday,12,070_2009.xml
Thursday,12,070_2009.xml
Saturday,2,070_2010.xml
Monday,2,070_2010.xml
Sunday,3,070_2010.xml
Wednesday,1,070_2010.xml
Sundays,1,070_2010.xml
Friday,12,070_2010.xml
Thursday,12,070_2010.xml
Saturday,2,070_2011.xml
Monday,2,070_2011.xml
Sunday,3,070_2011.xml
Wednesday,1,070_2011.xml
Sundays,1,070_2011.xml
Friday,12,070_2011.xml
Thursday,12,070_2011.xml
Saturday,20,070_2012.xml
Sunday,21,070_2012.xml
Monday,2,070_2012.xml
Wednesday,1,070_2012.xml
Sundays,1,070_2012.xml
Friday,12,070_2012.xml
Thursday,12,070_2012.xml
Saturday,20,070_2013.xml
Sunday,21,070_2013.xml
Monday,2,070_2013.xml
Wednesday,1,070_2013.xml
Sundays,1,070_2013.xml
Friday,12,070_2013.xml
Thursday,12,070_2013.xml
Saturday,20,070_2014.xml
Sunday,21,070_2014.xml
Monday,2,070_2014.xml
Wednesday,1,070_2014.xml
Sundays,1,070_2014.xml
Friday,13,070_2014.xml
Thursday,13,070_2014.xml
Saturday,20,070_2015.xml
Sunday,21,070_2015.xml
Monday,2,070_2015.xml
Wednesday,1,070_2015.xml
Sundays,1,070_2015.xml
Friday,13,070_2015.xml
Thursday,13,070_2015.xml
Saturday,20,070_2016.xml
Sunday,21,070_2016.xml
Monday,2,070_2016.xml
Wednesday,1,070_2016.xml
Sundays,1,070_2016.xml
Friday,13,070_2016.xml
Thursday,13,070_2016.xml
Saturday,20,070_2017.xml
Sunday,21,070_2017.xml
Monday,2,070_2017.xml
Wednesday,1,070_2017.xml
Sundays,1,070_2017.xml
Friday,13,070_2017.xml
Thursday,13,070_2017.xml
Saturday,21,070_2018.xml
Sunday,21,070_2018.xml
Monday,2,070_2018.xml
Wednesday,1,070_2018.xml
Sundays,1,070_2018.xml
Friday,13,070_2018.xml
Thursday,13,070_2018.xml
Saturday,22,070_2019.xml
Sunday,22,070_2019.xml
Monday,2,070_2019.xml
Wednesday,1,070_2019.xml
Sundays,1,070_2019.xml
Friday,13,070_2019.xml
Thursday,13,070_2019.xml
Sundays,1,080_1994.xml
Sunday,1,080_1994.xml
Sundays,1,080_1995.xml
Sunday,1,080_1995.xml
Saturdays,1,080_1996.xml
Sundays,2,080_1996.xml
Sunday,1,080_1996.xml
Saturdays,1,080_1997.xml
Sundays,2,080_1997.xml
Sunday,1,080_1997.xml
Saturdays,1,080_1998.xml
Sundays,2,080_1998.xml
Sunday,1,080_1998.xml
Saturdays,1,080_1999.xml
Sundays,2,080_1999.xml
Sunday,1,080_1999.xml
Saturdays,1,080_2000.xml
Sundays,2,080_2000.xml
Sunday,1,080_2000.xml
Saturdays,1,080_2001.xml
Sundays,2,080_2001.xml
Sunday,1,080_2001.xml
Saturdays,1,080_2002.xml
Sundays,2,080_2002.xml
Sunday,1,080_2002.xml
Saturdays,1,080_2003.xml
Sundays,2,080_2003.xml
Sunday,1,080_2003.xml
Saturdays,1,080_2004.xml
Sundays,2,080_2004.xml
Sunday,1,080_2004.xml
Saturdays,1,080_2005.xml
Sundays,2,080_2005.xml
Sunday,1,080_2005.xml
Saturdays,1,080_2006.xml
Sundays,2,080_2006.xml
Sunday,1,080_2006.xml
Saturdays,1,080_2007.xml
Sundays,2,080_2007.xml
Sunday,1,080_2007.xml
Saturdays,1,080_2008.xml
Sundays,2,080_2008.xml
Sunday,1,080_2008.xml
Saturdays,1,080_2009.xml
Sundays,2,080_2009.xml
Sunday,1,080_2009.xml
Saturdays,1,080_2010.xml
Sundays,2,080_2010.xml
Sunday,1,080_2010.xml
Saturdays,1,080_2011.xml
Sundays,2,080_2011.xml
Sunday,1,080_2011.xml
Saturdays,1,080_2012.xml
Sundays,2,080_2012.xml
Sunday,1,080_2012.xml
Saturdays,1,080_2013.xml
Sundays,2,080_2013.xml
Sunday,1,080_2013.xml
Saturdays,1,080_2014.xml
Sundays,2,080_2014.xml
Sunday,1,080_2014.xml
Saturdays,1,080_2015.xml
Sundays,2,080_2015.xml
Sunday,1,080_2015.xml
Saturdays,1,080_2016.xml
Sundays,2,080_2016.xml
Sunday,1,080_2016.xml
Saturdays,1,080_2017.xml
Sundays,2,080_2017.xml
Sunday,1,080_2017.xml
Saturdays,1,080_2018.xml
Sundays,2,080_2018.xml
Sunday,1,080_2018.xml
Saturdays,1,080_2019.xml
Sundays,2,080_2019.xml
Sunday,1,080_2019.xml
Monday,1,100_1994.xml
Sunday,6,100_1994.xml
Monday,1,100_1995.xml
Sunday,6,100_1995.xml
Sunday,6,100_1996.xml
Sunday,6,100_1997.xml
Sunday,6,100_1998.xml
Sunday,6,100_1999.xml
Sunday,6,100_2000.xml
Sunday,6,100_2001.xml
Sunday,6,100_2002.xml
Sunday,6,100_2003.xml
Sunday,6,100_2004.xml
Sunday,6,100_2005.xml
Sunday,6,100_2006.xml
Sunday,6,100_2007.xml
Sunday,6,100_2008.xml
Sunday,6,100_2009.xml
Sunday,6,100_2010.xml
Sunday,6,100_2011.xml
Sunday,6,100_2012.xml
Sunday,6,100_2013.xml
Sunday,6,100_2014.xml
Sunday,6,100_2015.xml
Sunday,6,100_2016.xml
Sunday,6,100_2017.xml
Sunday,6,100_2018.xml
Sunday,6,100_2019.xml
Saturdays,4,120_1994.xml
Sundays,4,120_1994.xml
Saturday,4,120_1994.xml
Sunday,5,120_1994.xml
Saturdays,4,120_1995.xml
Sundays,4,120_1995.xml
Saturday,4,120_1995.xml
Sunday,5,120_1995.xml
Saturdays,4,120_1996.xml
Sundays,4,120_1996.xml
Saturday,4,120_1996.xml
Sunday,5,120_1996.xml
Saturdays,4,120_1997.xml
Sundays,4,120_1997.xml
Saturday,4,120_1997.xml
Sunday,5,120_1997.xml
Saturdays,4,120_1998.xml
Sundays,4,120_1998.xml
Saturday,4,120_1998.xml
Sunday,5,120_1998.xml
Saturdays,4,120_1999.xml
Sundays,4,120_1999.xml
Saturday,4,120_1999.xml
Sunday,5,120_1999.xml
Saturdays,4,120_2000.xml
Sundays,4,120_2000.xml
Saturday,4,120_2000.xml
Sunday,5,120_2000.xml
Saturdays,4,120_2001.xml
Sundays,4,120_2001.xml
Saturday,4,120_2001.xml
Sunday,5,120_2001.xml
Saturdays,4,120_2002.xml
Sundays,4,120_2002.xml
Saturday,4,120_2002.xml
Sunday,5,120_2002.xml
Saturdays,4,120_2003.xml
Sundays,4,120_2003.xml
Saturday,4,120_2003.xml
Sunday,5,120_2003.xml
Saturdays,4,120_2004.xml
Sundays,4,120_2004.xml
Saturday,4,120_2004.xml
Sunday,5,120_2004.xml
Saturdays,4,120_2005.xml
Sundays,4,120_2005.xml
Saturday,4,120_2005.xml
Sunday,5,120_2005.xml
Saturdays,4,120_2006.xml
Sundays,4,120_2006.xml
Saturday,4,120_2006.xml
Sunday,5,120_2006.xml
Saturdays,4,120_2007.xml
Sundays,4,120_2007.xml
Saturday,4,120_2007.xml
Sunday,5,120_2007.xml
Saturdays,4,120_2008.xml
Sundays,4,120_2008.xml
Saturday,5,120_2008.xml
Sunday,6,120_2008.xml
Saturdays,4,120_2009.xml
Sundays,4,120_2009.xml
Saturday,5,120_2009.xml
Sunday,6,120_2009.xml
Saturdays,4,120_2010.xml
Sundays,4,120_2010.xml
Saturday,6,120_2010.xml
Sunday,7,120_2010.xml
Saturdays,4,120_2011.xml
Sundays,4,120_2011.xml
Saturday,6,120_2011.xml
Sunday,7,120_2011.xml
Saturdays,4,120_2012.xml
Sundays,4,120_2012.xml
Saturday,6,120_2012.xml
Sunday,7,120_2012.xml
Saturdays,4,120_2013.xml
Sundays,4,120_2013.xml
Saturday,6,120_2013.xml
Sunday,7,120_2013.xml
Saturdays,4,120_2014.xml
Sundays,4,120_2014.xml
Saturday,6,120_2014.xml
Sunday,7,120_2014.xml
Saturdays,4,120_2015.xml
Sundays,4,120_2015.xml
Saturday,6,120_2015.xml
Sunday,7,120_2015.xml
Saturdays,4,120_2016.xml
Sundays,4,120_2016.xml
Saturday,6,120_2016.xml
Sunday,7,120_2016.xml
Saturdays,4,120_2017.xml
Sundays,4,120_2017.xml
Saturday,6,120_2017.xml
Sunday,7,120_2017.xml
Saturdays,4,120_2018.xml
Sundays,4,120_2018.xml
Saturday,7,120_2018.xml
Sunday,8,120_2018.xml
Saturdays,4,120_2019.xml
Sundays,4,120_2019.xml
Saturday,7,120_2019.xml
Sunday,8,120_2019.xml
Monday,2,150_1994.xml
Sundays,5,150_1994.xml
Sunday,4,150_1994.xml
Friday,2,150_1994.xml
Saturday,2,150_1994.xml
Saturdays,1,150_1994.xml
Monday,2,150_1995.xml
Sundays,5,150_1995.xml
Sunday,4,150_1995.xml
Friday,2,150_1995.xml
Saturday,2,150_1995.xml
Saturdays,1,150_1995.xml
Monday,2,150_1996.xml
Sundays,5,150_1996.xml
Sunday,4,150_1996.xml
Friday,2,150_1996.xml
Saturday,2,150_1996.xml
Saturdays,1,150_1996.xml
Monday,2,150_1997.xml
Sundays,5,150_1997.xml
Sunday,4,150_1997.xml
Friday,2,150_1997.xml
Saturday,2,150_1997.xml
Saturdays,1,150_1997.xml
Monday,2,150_1998.xml
Sundays,5,150_1998.xml
Sunday,4,150_1998.xml
Friday,2,150_1998.xml
Saturday,2,150_1998.xml
Saturdays,1,150_1998.xml
Monday,2,150_1999.xml
Sundays,5,150_1999.xml
Sunday,4,150_1999.xml
Friday,2,150_1999.xml
Saturday,2,150_1999.xml
Saturdays,1,150_1999.xml
Saturday,4,150_2000.xml
Sunday,6,150_2000.xml
Monday,2,150_2000.xml
Sundays,5,150_2000.xml
Friday,2,150_2000.xml
Saturdays,1,150_2000.xml
Saturday,4,150_2001.xml
Sunday,6,150_2001.xml
Monday,2,150_2001.xml
Sundays,5,150_2001.xml
Friday,2,150_2001.xml
Saturdays,1,150_2001.xml
Saturday,4,150_2002.xml
Sunday,6,150_2002.xml
Monday,2,150_2002.xml
Sundays,5,150_2002.xml
Friday,2,150_2002.xml
Saturdays,1,150_2002.xml
Saturday,4,150_2003.xml
Sunday,6,150_2003.xml
Monday,2,150_2003.xml
Sundays,5,150_2003.xml
Friday,2,150_2003.xml
Saturdays,1,150_2003.xml
Saturday,4,150_2004.xml
Sunday,6,150_2004.xml
Monday,2,150_2004.xml
Sundays,5,150_2004.xml
Friday,2,150_2004.xml
Saturdays,1,150_2004.xml
Saturday,4,150_2005.xml
Sunday,6,150_2005.xml
Monday,2,150_2005.xml
Sundays,5,150_2005.xml
Friday,2,150_2005.xml
Saturdays,1,150_2005.xml
Saturday,4,150_2006.xml
Sunday,6,150_2006.xml
Monday,2,150_2006.xml
Sundays,5,150_2006.xml
Friday,2,150_2006.xml
Saturdays,1,150_2006.xml
Saturday,4,150_2007.xml
Sunday,6,150_2007.xml
Monday,2,150_2007.xml
Sundays,5,150_2007.xml
Friday,2,150_2007.xml
Saturdays,1,150_2007.xml
Saturday,4,150_2008.xml
Sunday,6,150_2008.xml
Monday,2,150_2008.xml
Sundays,5,150_2008.xml
Friday,2,150_2008.xml
Saturdays,1,150_2008.xml
Saturday,4,150_2009.xml
Sunday,6,150_2009.xml
Monday,2,150_2009.xml
Sundays,5,150_2009.xml
Friday,2,150_2009.xml
Saturdays,1,150_2009.xml
Saturday,4,150_2010.xml
Sunday,6,150_2010.xml
Monday,2,150_2010.xml
Sundays,5,150_2010.xml
Friday,2,150_2010.xml
Saturdays,1,150_2010.xml
Saturday,4,150_2011.xml
Sunday,6,150_2011.xml
Monday,2,150_2011.xml
Sundays,5,150_2011.xml
Friday,2,150_2011.xml
Saturdays,1,150_2011.xml
Saturday,4,150_2012.xml
Sunday,6,150_2012.xml
Monday,2,150_2012.xml
Sundays,5,150_2012.xml
Friday,2,150_2012.xml
Saturdays,1,150_2012.xml
Saturday,4,150_2013.xml
Sunday,6,150_2013.xml
Monday,2,150_2013.xml
Sundays,5,150_2013.xml
Friday,2,150_2013.xml
Saturdays,1,150_2013.xml
Saturday,4,150_2014.xml
Sunday,6,150_2014.xml
Monday,2,150_2014.xml
Sundays,5,150_2014.xml
Friday,2,150_2014.xml
Saturdays,1,150_2014.xml
Saturday,4,150_2015.xml
Sunday,6,150_2015.xml
Monday,2,150_2015.xml
Sundays,5,150_2015.xml
Friday,2,150_2015.xml
Saturdays,1,150_2015.xml
Saturday,4,150_2016.xml
Sunday,6,150_2016.xml
Monday,2,150_2016.xml
Sundays,5,150_2016.xml
Friday,2,150_2016.xml
Saturdays,1,150_2016.xml
Saturday,4,150_2017.xml
Sunday,6,150_2017.xml
Monday,2,150_2017.xml
Sundays,5,150_2017.xml
Friday,2,150_2017.xml
Saturdays,1,150_2017.xml
Saturday,4,150_2018.xml
Sunday,6,150_2018.xml
Monday,2,150_2018.xml
Sundays,5,150_2018.xml
Friday,2,150_2018.xml
Saturdays,1,150_2018.xml
Saturday,4,150_2019.xml
Sunday,6,150_2019.xml
Monday,2,150_2019.xml
Sundays,5,150_2019.xml
Friday,2,150_2019.xml
Saturdays,1,150_2019.xml
Monday,1,160_1994.xml
Monday,1,160_1995.xml
Monday,1,160_1996.xml
Monday,1,160_1997.xml
Sundays,1,160_1998.xml
Monday,1,160_1998.xml
Sundays,1,160_1999.xml
Monday,1,160_1999.xml
Sundays,1,160_2000.xml
Sundays,1,160_2001.xml
Sundays,1,160_2002.xml
Sundays,1,160_2003.xml
Sundays,1,160_2004.xml
Sundays,1,160_2005.xml
Sundays,1,160_2006.xml
Sundays,1,160_2007.xml
Sundays,1,160_2008.xml
Sundays,1,160_2009.xml
Sundays,1,160_2010.xml
Sundays,1,160_2011.xml
Sundays,1,160_2012.xml
Sundays,1,160_2013.xml
Sundays,1,160_2014.xml
Monday,1,160_2014.xml
Sundays,1,160_2015.xml
Monday,1,160_2015.xml
Sundays,1,160_2016.xml
Monday,1,160_2016.xml
Sundays,1,160_2017.xml
Monday,1,160_2017.xml
Sundays,1,160_2018.xml
Monday,1,160_2018.xml
Sundays,1,160_2019.xml
Monday,1,160_2019.xml
Saturday,1,170_1994.xml
Sunday,1,170_1994.xml
Saturday,1,170_1995.xml
Sunday,1,170_1995.xml
Saturday,1,170_1996.xml
Sunday,1,170_1996.xml
Saturday,1,170_1997.xml
Sunday,1,170_1997.xml
Saturday,1,170_1998.xml
Sunday,1,170_1998.xml
Saturday,1,170_1999.xml
Sunday,1,170_1999.xml
Saturday,1,170_2000.xml
Sunday,1,170_2000.xml
Saturday,1,170_2001.xml
Sunday,1,170_2001.xml
Saturday,1,170_2002.xml
Sunday,1,170_2002.xml
Saturday,1,170_2003.xml
Sunday,1,170_2003.xml
Saturday,1,170_2004.xml
Sunday,1,170_2004.xml
Saturday,1,170_2005.xml
Sunday,1,170_2005.xml
Saturday,2,170_2006.xml
Sunday,2,170_2006.xml
Saturday,2,170_2007.xml
Sunday,2,170_2007.xml
Saturday,2,170_2008.xml
Sunday,2,170_2008.xml
Saturday,2,170_2009.xml
Sunday,2,170_2009.xml
Saturday,2,170_2010.xml
Sunday,2,170_2010.xml
Saturday,2,170_2011.xml
Sunday,2,170_2011.xml
Saturday,2,170_2012.xml
Sunday,2,170_2012.xml
Saturday,2,170_2013.xml
Sunday,2,170_2013.xml
Saturday,2,170_2014.xml
Sunday,2,170_2014.xml
Saturday,2,170_2015.xml
Sunday,2,170_2015.xml
Saturday,2,170_2016.xml
Sunday,2,170_2016.xml
Saturday,2,170_2017.xml
Sunday,2,170_2017.xml
Saturday,2,170_2018.xml
Sunday,2,170_2018.xml
Saturday,2,170_2019.xml
Sunday,2,170_2019.xml
Saturdays,1,180_1994.xml
Sundays,1,180_1994.xml
Saturday,5,180_1994.xml
Sunday,5,180_1994.xml
Saturdays,1,180_1995.xml
Sundays,1,180_1995.xml
Saturday,5,180_1995.xml
Sunday,5,180_1995.xml
Saturdays,1,180_1996.xml
Sundays,1,180_1996.xml
Saturday,7,180_1996.xml
Sunday,7,180_1996.xml
Saturdays,1,180_1997.xml
Sundays,1,180_1997.xml
Saturday,7,180_1997.xml
Sunday,7,180_1997.xml
Saturdays,1,180_1998.xml
Sundays,1,180_1998.xml
Saturday,7,180_1998.xml
Sunday,7,180_1998.xml
Saturdays,1,180_1999.xml
Sundays,1,180_1999.xml
Saturday,7,180_1999.xml
Sunday,7,180_1999.xml
Saturdays,1,180_2000.xml
Sundays,1,180_2000.xml
Saturday,7,180_2000.xml
Sunday,7,180_2000.xml
Saturdays,1,180_2001.xml
Sundays,1,180_2001.xml
Saturday,7,180_2001.xml
Sunday,7,180_2001.xml
Saturdays,1,180_2002.xml
Sundays,1,180_2002.xml
Saturday,7,180_2002.xml
Sunday,7,180_2002.xml
Saturdays,1,180_2003.xml
Sundays,1,180_2003.xml
Saturday,7,180_2003.xml
Sunday,7,180_2003.xml
Saturdays,1,180_2004.xml
Sundays,1,180_2004.xml
Saturday,7,180_2004.xml
Sunday,7,180_2004.xml
Saturdays,1,180_2005.xml
Sundays,1,180_2005.xml
Saturday,7,180_2005.xml
Sunday,7,180_2005.xml
Saturdays,1,180_2006.xml
Sundays,1,180_2006.xml
Saturday,7,180_2006.xml
Sunday,7,180_2006.xml
Saturdays,1,180_2007.xml
Sundays,1,180_2007.xml
Saturday,7,180_2007.xml
Sunday,7,180_2007.xml
Saturdays,1,180_2008.xml
Sundays,1,180_2008.xml
Saturday,7,180_2008.xml
Sunday,7,180_2008.xml
Saturdays,1,180_2009.xml
Sundays,1,180_2009.xml
Saturday,7,180_2009.xml
Sunday,7,180_2009.xml
Saturdays,1,180_2010.xml
Sundays,1,180_2010.xml
Saturday,7,180_2010.xml
Sunday,7,180_2010.xml
Saturdays,1,180_2011.xml
Sundays,1,180_2011.xml
Saturday,7,180_2011.xml
Sunday,7,180_2011.xml
Saturdays,1,180_2012.xml
Sundays,1,180_2012.xml
Saturday,7,180_2012.xml
Sunday,7,180_2012.xml
Saturdays,1,180_2013.xml
Sundays,1,180_2013.xml
Saturday,7,180_2013.xml
Sunday,7,180_2013.xml
Saturdays,1,180_2014.xml
Sundays,1,180_2014.xml
Saturday,7,180_2014.xml
Sunday,7,180_2014.xml
Saturdays,1,180_2015.xml
Sundays,1,180_2015.xml
Saturday,7,180_2015.xml
Sunday,7,180_2015.xml
Saturdays,1,180_2016.xml
Sundays,1,180_2016.xml
Saturday,7,180_2016.xml
Sunday,7,180_2016.xml
Saturdays,1,180_2017.xml
Sundays,1,180_2017.xml
Saturday,7,180_2017.xml
Sunday,7,180_2017.xml
Saturdays,1,180_2018.xml
Sundays,1,180_2018.xml
Saturday,7,180_2018.xml
Sunday,7,180_2018.xml
Saturdays,1,180_2019.xml
Sundays,1,180_2019.xml
Saturday,7,180_2019.xml
Sunday,7,180_2019.xml
Saturday,6,190_1994.xml
Sunday,13,190_1994.xml
Monday,1,190_1994.xml
Sundays,4,190_1994.xml
Saturdays,2,190_1994.xml
Saturday,6,190_1995.xml
Sunday,13,190_1995.xml
Monday,1,190_1995.xml
Sundays,4,190_1995.xml
Saturdays,2,190_1995.xml
Saturday,6,190_1996.xml
Sunday,13,190_1996.xml
Monday,1,190_1996.xml
Sundays,4,190_1996.xml
Saturdays,2,190_1996.xml
Saturday,6,190_1997.xml
Sunday,13,190_1997.xml
Monday,1,190_1997.xml
Sundays,4,190_1997.xml
Saturdays,2,190_1997.xml
Saturday,6,190_1998.xml
Sunday,13,190_1998.xml
Monday,1,190_1998.xml
Sundays,4,190_1998.xml
Saturdays,2,190_1998.xml
Saturday,6,190_1999.xml
Sunday,13,190_1999.xml
Monday,1,190_1999.xml
Sundays,4,190_1999.xml
Saturdays,2,190_1999.xml
Saturday,6,190_2000.xml
Sunday,13,190_2000.xml
Monday,1,190_2000.xml
Sundays,4,190_2000.xml
Saturdays,2,190_2000.xml
Saturday,6,190_2001.xml
Sunday,13,190_2001.xml
Monday,1,190_2001.xml
Sundays,4,190_2001.xml
Saturdays,2,190_2001.xml
Saturday,6,190_2002.xml
Sunday,13,190_2002.xml
Monday,1,190_2002.xml
Sundays,4,190_2002.xml
Saturdays,2,190_2002.xml
Saturday,6,190_2003.xml
Sunday,13,190_2003.xml
Monday,1,190_2003.xml
Sundays,4,190_2003.xml
Saturdays,2,190_2003.xml
Saturday,6,190_2004.xml
Sunday,13,190_2004.xml
Monday,1,190_2004.xml
Sundays,4,190_2004.xml
Saturdays,2,190_2004.xml
Saturday,6,190_2005.xml
Sunday,13,190_2005.xml
Monday,1,190_2005.xml
Sundays,5,190_2005.xml
Saturdays,3,190_2005.xml
Saturday,6,190_2006.xml
Sunday,13,190_2006.xml
Monday,1,190_2006.xml
Sundays,5,190_2006.xml
Saturdays,3,190_2006.xml
Saturday,6,190_2007.xml
Sunday,13,190_2007.xml
Monday,1,190_2007.xml
Sundays,5,190_2007.xml
Saturdays,3,190_2007.xml
Saturday,6,190_2008.xml
Sunday,13,190_2008.xml
Monday,1,190_2008.xml
Sundays,5,190_2008.xml
Saturdays,3,190_2008.xml
Saturday,6,190_2009.xml
Sunday,13,190_2009.xml
Monday,1,190_2009.xml
Sundays,5,190_2009.xml
Saturdays,3,190_2009.xml
Saturday,6,190_2010.xml
Sunday,13,190_2010.xml
Monday,1,190_2010.xml
Sundays,5,190_2010.xml
Saturdays,3,190_2010.xml
Saturday,6,190_2011.xml
Sunday,13,190_2011.xml
Monday,1,190_2011.xml
Sundays,5,190_2011.xml
Saturdays,3,190_2011.xml
Saturday,6,190_2012.xml
Sunday,13,190_2012.xml
Monday,1,190_2012.xml
Sundays,5,190_2012.xml
Saturdays,3,190_2012.xml
Saturday,6,190_2013.xml
Sunday,13,190_2013.xml
Monday,1,190_2013.xml
Sundays,5,190_2013.xml
Saturdays,3,190_2013.xml
Saturday,6,190_2014.xml
Sunday,13,190_2014.xml
Monday,1,190_2014.xml
Sundays,5,190_2014.xml
Saturdays,3,190_2014.xml
Saturday,6,190_2015.xml
Sunday,13,190_2015.xml
Monday,1,190_2015.xml
Sundays,5,190_2015.xml
Saturdays,3,190_2015.xml
Saturday,6,190_2016.xml
Sunday,13,190_2016.xml
Monday,1,190_2016.xml
Sundays,5,190_2016.xml
Saturdays,3,190_2016.xml
Saturday,6,190_2017.xml
Sunday,13,190_2017.xml
Monday,1,190_2017.xml
Sundays,5,190_2017.xml
Saturdays,3,190_2017.xml
Saturday,6,190_2018.xml
Sunday,13,190_2018.xml
Monday,1,190_2018.xml
Sundays,5,190_2018.xml
Saturdays,3,190_2018.xml
Saturday,6,190_2019.xml
Sunday,13,190_2019.xml
Monday,1,190_2019.xml
Sundays,5,190_2019.xml
Saturdays,3,190_2019.xml
Wednesday,2,200_1994.xml
Monday,1,200_1994.xml
Saturdays,2,200_1994.xml
Sundays,2,200_1994.xml
Saturday,1,200_1994.xml
Wednesday,2,200_1995.xml
Monday,1,200_1995.xml
Saturdays,2,200_1995.xml
Sundays,2,200_1995.xml
Saturday,1,200_1995.xml
Wednesday,2,200_1996.xml
Monday,1,200_1996.xml
Saturdays,1,200_1996.xml
Sundays,1,200_1996.xml
Saturday,1,200_1996.xml
Wednesday,2,200_1997.xml
Monday,1,200_1997.xml
Saturdays,1,200_1997.xml
Sundays,1,200_1997.xml
Friday,1,200_1997.xml
Saturday,1,200_1997.xml
Wednesday,2,200_1998.xml
Monday,1,200_1998.xml
Saturdays,1,200_1998.xml
Sundays,1,200_1998.xml
Friday,1,200_1998.xml
Saturday,1,200_1998.xml
Wednesday,2,200_1999.xml
Monday,1,200_1999.xml
Saturdays,1,200_1999.xml
Sundays,1,200_1999.xml
Friday,1,200_1999.xml
Saturday,1,200_1999.xml
Wednesday,2,200_2000.xml
Monday,1,200_2000.xml
Saturdays,1,200_2000.xml
Sundays,1,200_2000.xml
Friday,1,200_2000.xml
Saturday,1,200_2000.xml
Wednesday,2,200_2001.xml
Monday,1,200_2001.xml
Saturdays,1,200_2001.xml
Sundays,1,200_2001.xml
Friday,1,200_2001.xml
Saturday,1,200_2001.xml
Wednesday,2,200_2002.xml
Monday,1,200_2002.xml
Saturdays,1,200_2002.xml
Sundays,1,200_2002.xml
Friday,1,200_2002.xml
Wednesday,2,200_2003.xml
Monday,1,200_2003.xml
Saturdays,1,200_2003.xml
Sundays,1,200_2003.xml
Friday,1,200_2003.xml
Wednesday,2,200_2004.xml
Monday,1,200_2004.xml
Saturdays,1,200_2004.xml
Sundays,1,200_2004.xml
Wednesday,2,200_2005.xml
Monday,1,200_2005.xml
Saturdays,1,200_2005.xml
Sundays,1,200_2005.xml
Wednesday,2,200_2006.xml
Monday,1,200_2006.xml
Saturdays,1,200_2006.xml
Sundays,1,200_2006.xml
Wednesday,2,200_2007.xml
Monday,1,200_2007.xml
Saturdays,1,200_2007.xml
Sundays,1,200_2007.xml
Wednesday,2,200_2008.xml
Monday,1,200_2008.xml
Saturdays,1,200_2008.xml
Sundays,1,200_2008.xml
Wednesday,2,200_2009.xml
Monday,1,200_2009.xml
Saturdays,1,200_2009.xml
Sundays,1,200_2009.xml
Wednesday,2,200_2010.xml
Monday,1,200_2010.xml
Saturdays,1,200_2010.xml
Sundays,1,200_2010.xml
Wednesday,2,200_2011.xml
Monday,1,200_2011.xml
Saturdays,1,200_2011.xml
Sundays,1,200_2011.xml
Wednesday,2,200_2012.xml
Monday,1,200_2012.xml
Saturdays,1,200_2012.xml
Sundays,1,200_2012.xml
Wednesday,2,200_2013.xml
Monday,1,200_2013.xml
Saturdays,1,200_2013.xml
Sundays,1,200_2013.xml
Wednesday,2,200_2014.xml
Monday,1,200_2014.xml
Saturdays,1,200_2014.xml
Sundays,1,200_2014.xml
Wednesday,2,200_2015.xml
Monday,1,200_2015.xml
Saturdays,1,200_2015.xml
Sundays,1,200_2015.xml
Wednesday,2,200_2016.xml
Monday,1,200_2016.xml
Saturdays,1,200_2016.xml
Sundays,1,200_2016.xml
Wednesday,2,200_2017.xml
Monday,1,200_2017.xml
Saturdays,1,200_2017.xml
Sundays,1,200_2017.xml
Wednesday,2,200_2018.xml
Monday,1,200_2018.xml
Saturdays,1,200_2018.xml
Sundays,1,200_2018.xml
Wednesday,2,200_2019.xml
Monday,1,200_2019.xml
Saturdays,1,200_2019.xml
Sundays,1,200_2019.xml
Monday,3,210_2018.xml
Monday,3,210_2019.xml
Saturdays,1,220_1994.xml
Sundays,1,220_1994.xml
Sunday,1,220_1994.xml
Saturdays,1,220_1995.xml
Sundays,1,220_1995.xml
Sunday,1,220_1995.xml
Saturdays,1,220_1996.xml
Sundays,1,220_1996.xml
Saturday,2,220_1996.xml
Saturdays,1,220_1997.xml
Sundays,1,220_1997.xml
Saturday,2,220_1997.xml
Saturdays,1,220_1998.xml
Sundays,1,220_1998.xml
Saturday,2,220_1998.xml
Saturdays,1,220_1999.xml
Sundays,1,220_1999.xml
Saturday,2,220_1999.xml
Saturdays,1,220_2000.xml
Sundays,1,220_2000.xml
Monday,1,220_2000.xml
Saturday,2,220_2000.xml
Saturdays,1,220_2001.xml
Sundays,1,220_2001.xml
Monday,1,220_2001.xml
Saturday,2,220_2001.xml
Monday,1,220_2002.xml
Saturday,2,220_2002.xml
Monday,2,220_2003.xml
Saturday,2,220_2003.xml
Monday,2,220_2004.xml
Saturday,2,220_2004.xml
Monday,2,220_2005.xml
Saturday,2,220_2005.xml
Monday,2,220_2006.xml
Saturday,2,220_2006.xml
Monday,2,220_2007.xml
Saturday,2,220_2007.xml
Monday,2,220_2008.xml
Saturday,2,220_2008.xml
Monday,2,220_2009.xml
Saturday,2,220_2009.xml
Monday,2,220_2010.xml
Saturday,2,220_2010.xml
Monday,2,220_2011.xml
Saturday,2,220_2011.xml
Monday,2,220_2012.xml
Saturday,2,220_2012.xml
Thursday,1,220_2012.xml
Monday,2,220_2013.xml
Saturday,2,220_2013.xml
Thursday,1,220_2013.xml
Saturday,2,220_2014.xml
Thursday,1,220_2014.xml
Saturday,2,220_2015.xml
Thursday,1,220_2015.xml
Saturday,2,220_2016.xml
Thursday,1,220_2016.xml
Saturday,2,220_2017.xml
Thursday,1,220_2017.xml
Saturday,2,220_2018.xml
Thursday,1,220_2018.xml
Saturday,2,220_2019.xml
Thursday,1,220_2019.xml
Sunday,1,240_1994.xml
Sunday,1,240_1995.xml
Sunday,1,240_1996.xml
Sunday,1,240_1997.xml
Sunday,1,240_1998.xml
Sunday,1,240_1999.xml
Sunday,1,240_2000.xml
Sunday,1,240_2001.xml
Sunday,1,240_2002.xml
Sunday,1,240_2003.xml
Sunday,1,240_2004.xml
Sunday,1,240_2005.xml
Sunday,1,240_2006.xml
Sunday,1,240_2007.xml
Sunday,1,240_2008.xml
Sunday,1,240_2009.xml
Sunday,1,240_2010.xml
Sunday,1,240_2011.xml
Sunday,1,240_2012.xml
Sunday,1,240_2013.xml
Sunday,1,240_2014.xml
Sunday,1,240_2015.xml
Sunday,1,240_2016.xml
Sunday,1,240_2017.xml
Sunday,1,240_2018.xml
Sunday,1,240_2019.xml
Sundays,5,260_1994.xml
Saturday,12,260_1994.xml
Sunday,14,260_1994.xml
Saturdays,1,260_1994.xml
Sundays,5,260_1995.xml
Saturday,12,260_1995.xml
Sunday,14,260_1995.xml
Saturdays,1,260_1995.xml
Sundays,5,260_1996.xml
Saturday,12,260_1996.xml
Sunday,14,260_1996.xml
Saturdays,1,260_1996.xml
Sundays,5,260_1997.xml
Saturday,12,260_1997.xml
Sunday,14,260_1997.xml
Saturdays,1,260_1997.xml
Sundays,5,260_1998.xml
Saturday,12,260_1998.xml
Sunday,14,260_1998.xml
Saturdays,1,260_1998.xml
Sundays,5,260_1999.xml
Saturday,12,260_1999.xml
Sunday,14,260_1999.xml
Saturdays,1,260_1999.xml
Sundays,5,260_2000.xml
Saturday,12,260_2000.xml
Sunday,14,260_2000.xml
Saturdays,1,260_2000.xml
Sundays,5,260_2001.xml
Saturday,12,260_2001.xml
Sunday,14,260_2001.xml
Saturdays,1,260_2001.xml
Sundays,5,260_2002.xml
Saturday,12,260_2002.xml
Sunday,14,260_2002.xml
Saturdays,1,260_2002.xml
Sundays,5,260_2003.xml
Saturday,12,260_2003.xml
Sunday,14,260_2003.xml
Saturdays,1,260_2003.xml
Sundays,5,260_2004.xml
Saturday,12,260_2004.xml
Sunday,14,260_2004.xml
Saturdays,1,260_2004.xml
Sundays,5,260_2005.xml
Saturday,12,260_2005.xml
Sunday,14,260_2005.xml
Saturdays,1,260_2005.xml
Sundays,5,260_2006.xml
Saturday,12,260_2006.xml
Sunday,14,260_2006.xml
Saturdays,1,260_2006.xml
Sundays,5,260_2007.xml
Saturday,12,260_2007.xml
Sunday,14,260_2007.xml
Saturdays,1,260_2007.xml
Sundays,5,260_2008.xml
Saturday,12,260_2008.xml
Sunday,14,260_2008.xml
Saturdays,1,260_2008.xml
Sundays,5,260_2009.xml
Saturday,12,260_2009.xml
Sunday,14,260_2009.xml
Saturdays,1,260_2009.xml
Sundays,5,260_2010.xml
Saturday,12,260_2010.xml
Sunday,14,260_2010.xml
Saturdays,1,260_2010.xml
Sundays,5,260_2011.xml
Saturday,12,260_2011.xml
Sunday,14,260_2011.xml
Saturdays,1,260_2011.xml
Sundays,5,260_2012.xml
Saturday,12,260_2012.xml
Sunday,14,260_2012.xml
Saturdays,1,260_2012.xml
Sundays,5,260_2013.xml
Saturday,12,260_2013.xml
Sunday,14,260_2013.xml
Saturdays,1,260_2013.xml
Sundays,5,260_2014.xml
Saturday,12,260_2014.xml
Sunday,14,260_2014.xml
Saturdays,1,260_2014.xml
Sundays,5,260_2015.xml
Saturday,12,260_2015.xml
Sunday,14,260_2015.xml
Saturdays,1,260_2015.xml
Sundays,5,260_2016.xml
Saturday,12,260_2016.xml
Sunday,14,260_2016.xml
Saturdays,1,260_2016.xml
Sundays,5,260_2017.xml
Saturday,12,260_2017.xml
Sunday,14,260_2017.xml
Saturdays,1,260_2017.xml
Sundays,5,260_2018.xml
Saturday,12,260_2018.xml
Sunday,14,260_2018.xml
Saturdays,1,260_2018.xml
Sundays,5,260_2019.xml
Saturday,12,260_2019.xml
Sunday,14,260_2019.xml
Saturdays,1,260_2019.xml
Monday,1,280_1994.xml
Monday,1,280_1995.xml
Monday,1,280_1996.xml
Monday,1,280_1997.xml
Monday,1,280_1998.xml
Monday,1,280_1999.xml
Monday,1,280_2000.xml
Monday,1,280_2001.xml
Monday,1,280_2002.xml
Monday,1,280_2003.xml
Monday,1,280_2004.xml
Monday,1,280_2005.xml
Monday,1,280_2006.xml
Monday,1,280_2007.xml
Monday,1,280_2008.xml
Monday,1,280_2009.xml
Monday,1,280_2010.xml
Monday,1,280_2011.xml
Monday,1,280_2012.xml
Monday,1,280_2013.xml
Monday,1,280_2014.xml
Monday,1,280_2015.xml
Monday,1,280_2016.xml
Monday,1,280_2017.xml
Monday,1,280_2018.xml
Monday,1,280_2019.xml
Saturdays,2,290_1994.xml
Sundays,2,290_1994.xml
Saturday,1,290_1994.xml
Sunday,1,290_1994.xml
Saturdays,2,290_1995.xml
Sundays,2,290_1995.xml
Saturday,1,290_1995.xml
Sunday,1,290_1995.xml
Saturdays,2,290_1996.xml
Sundays,2,290_1996.xml
Saturday,1,290_1996.xml
Sunday,1,290_1996.xml
Saturdays,2,290_1997.xml
Sundays,2,290_1997.xml
Saturday,1,290_1997.xml
Sunday,1,290_1997.xml
Saturdays,2,290_1998.xml
Sundays,2,290_1998.xml
Saturday,1,290_1998.xml
Sunday,1,290_1998.xml
Saturdays,2,290_1999.xml
Sundays,2,290_1999.xml
Saturday,1,290_1999.xml
Sunday,1,290_1999.xml
Saturdays,2,290_2000.xml
Sundays,2,290_2000.xml
Saturday,1,290_2000.xml
Sunday,1,290_2000.xml
Saturdays,2,290_2001.xml
Sundays,2,290_2001.xml
Saturday,1,290_2001.xml
Sunday,1,290_2001.xml
Saturdays,2,290_2002.xml
Sundays,2,290_2002.xml
Saturday,1,290_2002.xml
Sunday,1,290_2002.xml
Saturdays,2,290_2003.xml
Sundays,2,290_2003.xml
Saturday,1,290_2003.xml
Sunday,1,290_2003.xml
Saturdays,2,290_2004.xml
Sundays,2,290_2004.xml
Saturday,1,290_2004.xml
Sunday,1,290_2004.xml
Saturdays,2,290_2005.xml
Sundays,2,290_2005.xml
Saturday,1,290_2005.xml
Sunday,1,290_2005.xml
Saturdays,2,290_2006.xml
Sundays,2,290_2006.xml
Saturday,1,290_2006.xml
Sunday,1,290_2006.xml
Saturdays,2,290_2007.xml
Sundays,2,290_2007.xml
Saturday,1,290_2007.xml
Sunday,1,290_2007.xml
Saturdays,2,290_2008.xml
Sundays,2,290_2008.xml
Saturday,1,290_2008.xml
Sunday,1,290_2008.xml
Saturdays,2,290_2009.xml
Sundays,2,290_2009.xml
Saturday,1,290_2009.xml
Sunday,1,290_2009.xml
Saturdays,2,290_2010.xml
Sundays,2,290_2010.xml
Saturday,1,290_2010.xml
Sunday,1,290_2010.xml
Saturdays,2,290_2011.xml
Sundays,2,290_2011.xml
Saturday,1,290_2011.xml
Sunday,1,290_2011.xml
Saturdays,2,290_2012.xml
Sundays,2,290_2012.xml
Saturday,1,290_2012.xml
Sunday,1,290_2012.xml
Saturdays,2,290_2013.xml
Sundays,2,290_2013.xml
Saturday,1,290_2013.xml
Sunday,1,290_2013.xml
Saturdays,2,290_2014.xml
Sundays,2,290_2014.xml
Saturday,1,290_2014.xml
Sunday,1,290_2014.xml
Saturdays,2,290_2015.xml
Sundays,2,290_2015.xml
Saturday,1,290_2015.xml
Sunday,1,290_2015.xml
Saturdays,2,290_2016.xml
Sundays,2,290_2016.xml
Saturday,1,290_2016.xml
Sunday,1,290_2016.xml
Saturdays,2,290_2017.xml
Sundays,2,290_2017.xml
Saturday,1,290_2017.xml
Sunday,1,290_2017.xml
Saturdays,2,290_2018.xml
Sundays,2,290_2018.xml
Saturday,1,290_2018.xml
Sunday,1,290_2018.xml
Saturdays,2,290_2019.xml
Sundays,2,290_2019.xml
Saturday,1,290_2019.xml
Sunday,1,290_2019.xml
Wednesday,2,300_1994.xml
Wednesday,2,300_1995.xml
Wednesday,2,300_1996.xml
Wednesday,2,300_1997.xml
Wednesday,2,300_1998.xml
Wednesday,2,300_1999.xml
Wednesday,2,300_2000.xml
Wednesday,2,300_2001.xml
Wednesday,2,300_2002.xml
Wednesday,2,300_2003.xml
Wednesday,2,300_2004.xml
Wednesday,2,300_2005.xml
Wednesday,2,300_2006.xml
Wednesday,2,300_2007.xml
Wednesday,2,300_2008.xml
Wednesday,2,300_2009.xml
Wednesday,2,300_2010.xml
Wednesday,2,300_2011.xml
Wednesday,2,300_2012.xml
Wednesday,2,300_2013.xml
Wednesday,2,300_2014.xml
Wednesday,2,300_2015.xml
Wednesday,2,300_2016.xml
Wednesday,2,300_2017.xml
Wednesday,2,300_2018.xml
Wednesday,2,300_2019.xml
Monday,3,310_1994.xml
Saturday,2,310_1994.xml
Sunday,2,310_1994.xml
Monday,3,310_1995.xml
Saturday,2,310_1995.xml
Sunday,2,310_1995.xml
Monday,3,310_1996.xml
Saturday,2,310_1996.xml
Sunday,2,310_1996.xml
Monday,3,310_1997.xml
Saturday,2,310_1997.xml
Sunday,2,310_1997.xml
Monday,3,310_1998.xml
Saturday,2,310_1998.xml
Sunday,2,310_1998.xml
Monday,3,310_1999.xml
Saturday,2,310_1999.xml
Sunday,2,310_1999.xml
Monday,3,310_2000.xml
Saturday,2,310_2000.xml
Sunday,2,310_2000.xml
Monday,3,310_2001.xml
Saturday,2,310_2001.xml
Sunday,2,310_2001.xml
Monday,3,310_2002.xml
Saturday,2,310_2002.xml
Sunday,2,310_2002.xml
Monday,3,310_2003.xml
Saturday,2,310_2003.xml
Sunday,2,310_2003.xml
Monday,3,310_2004.xml
Saturday,2,310_2004.xml
Sunday,2,310_2004.xml
Monday,3,310_2005.xml
Saturday,2,310_2005.xml
Sunday,2,310_2005.xml
Monday,3,310_2006.xml
Saturday,2,310_2006.xml
Sunday,2,310_2006.xml
Monday,3,310_2007.xml
Saturday,2,310_2007.xml
Sunday,2,310_2007.xml
Monday,3,310_2008.xml
Saturday,2,310_2008.xml
Sunday,2,310_2008.xml
Monday,3,310_2009.xml
Saturday,2,310_2009.xml
Sunday,2,310_2009.xml
Monday,4,310_2010.xml
Saturday,2,310_2010.xml
Sunday,2,310_2010.xml
Monday,4,310_2011.xml
Saturday,2,310_2011.xml
Sunday,2,310_2011.xml
Monday,4,310_2012.xml
Saturday,2,310_2012.xml
Sunday,2,310_2012.xml
Monday,4,310_2013.xml
Saturday,2,310_2013.xml
Sunday,2,310_2013.xml
Monday,4,310_2014.xml
Saturday,2,310_2014.xml
Sunday,2,310_2014.xml
Monday,4,310_2015.xml
Saturday,2,310_2015.xml
Sunday,2,310_2015.xml
Monday,4,310_2016.xml
Saturday,2,310_2016.xml
Sunday,2,310_2016.xml
Monday,4,310_2017.xml
Saturday,2,310_2017.xml
Sunday,2,310_2017.xml
Monday,4,310_2018.xml
Saturday,2,310_2018.xml
Sunday,2,310_2018.xml
Monday,4,310_2019.xml
Saturday,2,310_2019.xml
Sunday,2,310_2019.xml
Monday,1,330_1994.xml
Monday,1,330_1995.xml
Monday,1,330_1996.xml
Monday,1,330_1997.xml
Monday,1,330_1998.xml
Monday,1,330_1999.xml
Monday,1,330_2000.xml
Monday,1,330_2001.xml
Monday,1,330_2002.xml
Monday,1,330_2003.xml
Monday,1,330_2004.xml
Monday,1,330_2005.xml
Monday,1,330_2006.xml
Monday,1,330_2007.xml
Monday,1,330_2008.xml
Monday,1,330_2009.xml
Monday,1,330_2010.xml
Monday,1,330_2011.xml
Monday,1,330_2012.xml
Monday,1,330_2013.xml
Monday,1,330_2014.xml
Monday,1,330_2015.xml
Monday,1,330_2016.xml
Monday,1,330_2017.xml
Monday,1,330_2018.xml
Monday,1,330_2019.xml
Saturdays,3,340_2017.xml
Sundays,3,340_2017.xml
Saturdays,3,340_2018.xml
Sundays,3,340_2018.xml
Saturdays,3,340_2019.xml
Sundays,3,340_2019.xml
Saturday,1,350_1994.xml
Sunday,1,350_1994.xml
Saturday,1,350_1995.xml
Sunday,1,350_1995.xml
Saturday,1,350_1996.xml
Sunday,1,350_1996.xml
Saturday,1,350_1997.xml
Sunday,1,350_1997.xml
Saturday,1,350_1998.xml
Sunday,1,350_1998.xml
Saturday,2,350_1999.xml
Sunday,2,350_1999.xml
Saturday,2,350_2000.xml
Sunday,2,350_2000.xml
Saturday,2,350_2001.xml
Sunday,2,350_2001.xml
Saturday,2,350_2002.xml
Sunday,2,350_2002.xml
Saturday,2,350_2003.xml
Sunday,2,350_2003.xml
Saturday,2,350_2004.xml
Sunday,2,350_2004.xml
Saturday,2,350_2005.xml
Sunday,2,350_2005.xml
Saturday,2,350_2006.xml
Sunday,2,350_2006.xml
Saturday,2,350_2007.xml
Sunday,2,350_2007.xml
Saturday,2,350_2008.xml
Sunday,2,350_2008.xml
Saturday,2,350_2009.xml
Sunday,2,350_2009.xml
Saturday,2,350_2010.xml
Sunday,2,350_2010.xml
Saturday,2,350_2011.xml
Sunday,2,350_2011.xml
Monday,1,350_2011.xml
Tuesday,1,350_2011.xml
Wednesday,1,350_2011.xml
Thursday,1,350_2011.xml
Friday,1,350_2011.xml
Saturday,2,350_2012.xml
Sunday,2,350_2012.xml
Monday,1,350_2012.xml
Tuesday,1,350_2012.xml
Wednesday,1,350_2012.xml
Thursday,1,350_2012.xml
Friday,1,350_2012.xml
Saturday,2,350_2013.xml
Sunday,2,350_2013.xml
Monday,1,350_2013.xml
Tuesday,1,350_2013.xml
Wednesday,1,350_2013.xml
Thursday,1,350_2013.xml
Friday,1,350_2013.xml
Saturday,2,350_2014.xml
Sunday,2,350_2014.xml
Monday,1,350_2014.xml
Tuesday,1,350_2014.xml
Wednesday,1,350_2014.xml
Thursday,1,350_2014.xml
Friday,1,350_2014.xml
Saturday,2,350_2015.xml
Sunday,2,350_2015.xml
Monday,1,350_2015.xml
Tuesday,1,350_2015.xml
Wednesday,1,350_2015.xml
Thursday,1,350_2015.xml
Friday,1,350_2015.xml
Saturday,2,350_2016.xml
Sunday,2,350_2016.xml
Monday,1,350_2016.xml
Tuesday,1,350_2016.xml
Wednesday,1,350_2016.xml
Thursday,1,350_2016.xml
Friday,1,350_2016.xml
Saturday,2,350_2017.xml
Sunday,2,350_2017.xml
Monday,1,350_2017.xml
Tuesday,1,350_2017.xml
Wednesday,1,350_2017.xml
Thursday,1,350_2017.xml
Friday,1,350_2017.xml
Saturday,2,350_2018.xml
Sunday,2,350_2018.xml
Monday,1,350_2018.xml
Tuesday,1,350_2018.xml
Wednesday,1,350_2018.xml
Thursday,1,350_2018.xml
Friday,1,350_2018.xml
Saturday,2,350_2019.xml
Sunday,2,350_2019.xml
Monday,1,350_2019.xml
Tuesday,1,350_2019.xml
Wednesday,1,350_2019.xml
Thursday,1,350_2019.xml
Friday,1,350_2019.xml
Sunday,11,360_1994.xml
Monday,7,360_1994.xml
Friday,3,360_1994.xml
Thursday,2,360_1994.xml
Saturday,3,360_1994.xml
Sunday,11,360_1995.xml
Monday,7,360_1995.xml
Friday,3,360_1995.xml
Thursday,2,360_1995.xml
Saturday,3,360_1995.xml
Sunday,11,360_1996.xml
Monday,7,360_1996.xml
Friday,3,360_1996.xml
Thursday,2,360_1996.xml
Saturday,3,360_1996.xml
Sunday,11,360_1997.xml
Monday,8,360_1997.xml
Friday,3,360_1997.xml
Thursday,2,360_1997.xml
Saturday,4,360_1997.xml
Saturday,3,360_1998.xml
Monday,4,360_1998.xml
Sunday,7,360_1998.xml
Thursday,1,360_1998.xml
Friday,3,360_1998.xml
Saturday,3,360_1999.xml
Monday,4,360_1999.xml
Sunday,7,360_1999.xml
Thursday,1,360_1999.xml
Friday,3,360_1999.xml
Saturday,3,360_2000.xml
Monday,4,360_2000.xml
Sunday,7,360_2000.xml
Thursday,1,360_2000.xml
Friday,3,360_2000.xml
Saturday,3,360_2001.xml
Monday,4,360_2001.xml
Sunday,7,360_2001.xml
Thursday,1,360_2001.xml
Friday,3,360_2001.xml
Saturday,3,360_2002.xml
Monday,4,360_2002.xml
Sunday,7,360_2002.xml
Thursday,1,360_2002.xml
Friday,3,360_2002.xml
Saturday,3,360_2003.xml
Monday,4,360_2003.xml
Sunday,7,360_2003.xml
Thursday,1,360_2003.xml
Friday,3,360_2003.xml
Saturday,3,360_2004.xml
Monday,4,360_2004.xml
Sunday,7,360_2004.xml
Thursday,1,360_2004.xml
Friday,3,360_2004.xml
Saturday,3,360_2005.xml
Monday,4,360_2005.xml
Sunday,7,360_2005.xml
Thursday,1,360_2005.xml
Friday,3,360_2005.xml
Saturday,3,360_2006.xml
Monday,4,360_2006.xml
Sunday,7,360_2006.xml
Thursday,1,360_2006.xml
Friday,3,360_2006.xml
Saturday,3,360_2007.xml
Monday,4,360_2007.xml
Sunday,7,360_2007.xml
Thursday,1,360_2007.xml
Friday,3,360_2007.xml
Saturday,3,360_2008.xml
Monday,4,360_2008.xml
Sunday,7,360_2008.xml
Thursday,1,360_2008.xml
Friday,3,360_2008.xml
Saturday,3,360_2009.xml
Monday,4,360_2009.xml
Sunday,7,360_2009.xml
Thursday,1,360_2009.xml
Friday,3,360_2009.xml
Saturday,3,360_2010.xml
Monday,4,360_2010.xml
Sunday,7,360_2010.xml
Thursday,1,360_2010.xml
Friday,3,360_2010.xml
Saturday,3,360_2011.xml
Monday,4,360_2011.xml
Sunday,7,360_2011.xml
Thursday,1,360_2011.xml
Friday,3,360_2011.xml
Saturday,3,360_2012.xml
Monday,4,360_2012.xml
Sunday,7,360_2012.xml
Thursday,1,360_2012.xml
Friday,3,360_2012.xml
Saturday,3,360_2013.xml
Monday,4,360_2013.xml
Sunday,7,360_2013.xml
Thursday,1,360_2013.xml
Friday,3,360_2013.xml
Saturday,3,360_2014.xml
Monday,4,360_2014.xml
Sunday,7,360_2014.xml
Thursday,1,360_2014.xml
Friday,3,360_2014.xml
Saturday,3,360_2015.xml
Monday,4,360_2015.xml
Sunday,7,360_2015.xml
Thursday,1,360_2015.xml
Friday,3,360_2015.xml
Saturday,3,360_2016.xml
Monday,4,360_2016.xml
Sunday,7,360_2016.xml
Thursday,1,360_2016.xml
Friday,3,360_2016.xml
Saturday,3,360_2017.xml
Monday,4,360_2017.xml
Sunday,7,360_2017.xml
Thursday,1,360_2017.xml
Friday,3,360_2017.xml
Saturday,3,360_2018.xml
Monday,4,360_2018.xml
Sunday,7,360_2018.xml
Thursday,1,360_2018.xml
Friday,3,360_2018.xml
Saturday,2,360_2019.xml
Monday,3,360_2019.xml
Sunday,7,360_2019.xml
Thursday,1,360_2019.xml
Friday,3,360_2019.xml
Sunday,7,370_1994.xml
Saturday,1,370_1994.xml
Sunday,7,370_1995.xml
Saturday,1,370_1995.xml
Sunday,7,370_1996.xml
Saturday,1,370_1996.xml
Sunday,7,370_1997.xml
Saturday,1,370_1997.xml
Sunday,7,370_1998.xml
Saturday,1,370_1998.xml
Sunday,7,370_1999.xml
Saturday,1,370_1999.xml
Sunday,8,370_2000.xml
Saturday,1,370_2000.xml
Sunday,8,370_2001.xml
Saturday,1,370_2001.xml
Sunday,8,370_2002.xml
Saturday,1,370_2002.xml
Sunday,8,370_2003.xml
Saturday,1,370_2003.xml
Sunday,7,370_2004.xml
Saturday,1,370_2004.xml
Sunday,7,370_2005.xml
Saturday,1,370_2005.xml
Sunday,7,370_2006.xml
Saturday,1,370_2006.xml
Sunday,7,370_2007.xml
Saturday,1,370_2007.xml
Sunday,7,370_2008.xml
Saturday,1,370_2008.xml
Sunday,7,370_2009.xml
Saturday,1,370_2009.xml
Sunday,7,370_2010.xml
Saturday,1,370_2010.xml
Sunday,7,370_2011.xml
Saturday,1,370_2011.xml
Sunday,7,370_2012.xml
Saturday,1,370_2012.xml
Sunday,7,370_2013.xml
Saturday,1,370_2013.xml
Sunday,7,370_2014.xml
Saturday,1,370_2014.xml
Sunday,7,370_2015.xml
Saturday,1,370_2015.xml
Sunday,7,370_2016.xml
Saturday,1,370_2016.xml
Sunday,7,370_2017.xml
Saturday,1,370_2017.xml
Sunday,7,370_2018.xml
Saturday,1,370_2018.xml
Sunday,7,370_2019.xml
Saturday,1,370_2019.xml
Saturdays,1,380_1994.xml
Sundays,1,380_1994.xml
Saturday,4,380_1994.xml
Sunday,7,380_1994.xml
Friday,5,380_1994.xml
Saturdays,1,380_1995.xml
Sundays,1,380_1995.xml
Saturday,4,380_1995.xml
Sunday,7,380_1995.xml
Friday,5,380_1995.xml
Saturdays,1,380_1996.xml
Sundays,1,380_1996.xml
Saturday,4,380_1996.xml
Sunday,7,380_1996.xml
Friday,5,380_1996.xml
Saturdays,1,380_1997.xml
Sundays,1,380_1997.xml
Saturday,4,380_1997.xml
Sunday,7,380_1997.xml
Friday,5,380_1997.xml
Saturdays,1,380_1998.xml
Sundays,1,380_1998.xml
Saturday,4,380_1998.xml
Sunday,7,380_1998.xml
Friday,5,380_1998.xml
Saturdays,1,380_1999.xml
Sundays,1,380_1999.xml
Saturday,4,380_1999.xml
Sunday,7,380_1999.xml
Friday,5,380_1999.xml
Saturdays,1,380_2000.xml
Sundays,1,380_2000.xml
Saturday,4,380_2000.xml
Sunday,7,380_2000.xml
Friday,5,380_2000.xml
Saturdays,1,380_2001.xml
Sundays,1,380_2001.xml
Saturday,4,380_2001.xml
Sunday,7,380_2001.xml
Friday,5,380_2001.xml
Saturdays,1,380_2002.xml
Sundays,1,380_2002.xml
Saturday,4,380_2002.xml
Sunday,7,380_2002.xml
Friday,5,380_2002.xml
Saturdays,1,380_2003.xml
Sundays,1,380_2003.xml
Saturday,4,380_2003.xml
Sunday,7,380_2003.xml
Friday,5,380_2003.xml
Saturdays,1,380_2004.xml
Sundays,1,380_2004.xml
Saturday,4,380_2004.xml
Sunday,7,380_2004.xml
Friday,5,380_2004.xml
Saturdays,1,380_2005.xml
Sundays,1,380_2005.xml
Saturday,4,380_2005.xml
Sunday,7,380_2005.xml
Friday,5,380_2005.xml
Saturdays,1,380_2006.xml
Sundays,1,380_2006.xml
Saturday,4,380_2006.xml
Sunday,7,380_2006.xml
Friday,5,380_2006.xml
Saturdays,1,380_2007.xml
Sundays,1,380_2007.xml
Saturday,4,380_2007.xml
Sunday,7,380_2007.xml
Friday,5,380_2007.xml
Saturdays,1,380_2008.xml
Sundays,1,380_2008.xml
Saturday,4,380_2008.xml
Sunday,7,380_2008.xml
Friday,5,380_2008.xml
Saturdays,1,380_2009.xml
Sundays,1,380_2009.xml
Saturday,4,380_2009.xml
Sunday,7,380_2009.xml
Friday,5,380_2009.xml
Saturdays,1,380_2010.xml
Sundays,1,380_2010.xml
Saturday,4,380_2010.xml
Sunday,8,380_2010.xml
Friday,6,380_2010.xml
Saturdays,1,380_2011.xml
Sundays,1,380_2011.xml
Saturday,4,380_2011.xml
Sunday,8,380_2011.xml
Friday,6,380_2011.xml
Saturdays,1,380_2012.xml
Sundays,1,380_2012.xml
Saturday,4,380_2012.xml
Sunday,8,380_2012.xml
Friday,6,380_2012.xml
Saturdays,1,380_2013.xml
Sundays,1,380_2013.xml
Saturday,4,380_2013.xml
Sunday,8,380_2013.xml
Friday,6,380_2013.xml
Saturdays,1,380_2014.xml
Sundays,1,380_2014.xml
Saturday,4,380_2014.xml
Sunday,8,380_2014.xml
Friday,6,380_2014.xml
Saturdays,1,380_2015.xml
Sundays,1,380_2015.xml
Saturday,4,380_2015.xml
Sunday,8,380_2015.xml
Friday,6,380_2015.xml
Saturdays,1,380_2016.xml
Sundays,1,380_2016.xml
Saturday,4,380_2016.xml
Sunday,8,380_2016.xml
Friday,6,380_2016.xml
Saturdays,1,380_2017.xml
Sundays,1,380_2017.xml
Saturday,4,380_2017.xml
Sunday,8,380_2017.xml
Friday,6,380_2017.xml
Saturdays,1,380_2018.xml
Sundays,1,380_2018.xml
Saturday,4,380_2018.xml
Sunday,8,380_2018.xml
Friday,6,380_2018.xml
Saturdays,1,380_2019.xml
Sundays,1,380_2019.xml
Saturday,4,380_2019.xml
Sunday,8,380_2019.xml
Friday,6,380_2019.xml
Monday,1,400_1994.xml
Saturday,2,400_1994.xml
Sunday,2,400_1994.xml
Monday,1,400_1995.xml
Saturday,2,400_1995.xml
Sunday,2,400_1995.xml
Monday,1,400_1996.xml
Monday,1,400_1997.xml
Monday,1,400_1998.xml
Monday,1,400_1999.xml
Monday,1,400_2000.xml
Monday,1,400_2001.xml
Sundays,4,420_1994.xml
Saturday,6,420_1994.xml
Sunday,7,420_1994.xml
Saturdays,2,420_1994.xml
Monday,3,420_1994.xml
Friday,2,420_1994.xml
Sundays,4,420_1995.xml
Saturday,6,420_1995.xml
Sunday,7,420_1995.xml
Saturdays,2,420_1995.xml
Monday,3,420_1995.xml
Friday,2,420_1995.xml
Sundays,4,420_1996.xml
Saturday,6,420_1996.xml
Sunday,7,420_1996.xml
Saturdays,2,420_1996.xml
Monday,2,420_1996.xml
Friday,1,420_1996.xml
Sundays,4,420_1997.xml
Saturday,6,420_1997.xml
Sunday,7,420_1997.xml
Saturdays,2,420_1997.xml
Monday,2,420_1997.xml
Friday,1,420_1997.xml
Sundays,2,420_1998.xml
Saturday,6,420_1998.xml
Sunday,7,420_1998.xml
Monday,2,420_1998.xml
Friday,1,420_1998.xml
Sundays,2,420_1999.xml
Saturday,6,420_1999.xml
Sunday,7,420_1999.xml
Monday,2,420_1999.xml
Friday,1,420_1999.xml
Sundays,2,420_2000.xml
Saturday,6,420_2000.xml
Sunday,7,420_2000.xml
Monday,2,420_2000.xml
Friday,1,420_2000.xml
Sundays,2,420_2001.xml
Saturday,6,420_2001.xml
Sunday,7,420_2001.xml
Monday,2,420_2001.xml
Friday,1,420_2001.xml
Sundays,4,420_2002.xml
Saturday,6,420_2002.xml
Sunday,7,420_2002.xml
Monday,6,420_2002.xml
Saturdays,2,420_2002.xml
Friday,1,420_2002.xml
Tuesday,2,420_2002.xml
Sundays,4,420_2003.xml
Saturday,6,420_2003.xml
Sunday,7,420_2003.xml
Monday,6,420_2003.xml
Saturdays,2,420_2003.xml
Friday,1,420_2003.xml
Tuesday,2,420_2003.xml
Sundays,4,420_2004.xml
Saturday,6,420_2004.xml
Sunday,7,420_2004.xml
Monday,6,420_2004.xml
Saturdays,2,420_2004.xml
Friday,1,420_2004.xml
Tuesday,2,420_2004.xml
Sundays,4,420_2005.xml
Saturday,6,420_2005.xml
Sunday,7,420_2005.xml
Monday,8,420_2005.xml
Saturdays,2,420_2005.xml
Friday,1,420_2005.xml
Tuesday,2,420_2005.xml
Sundays,4,420_2006.xml
Saturday,6,420_2006.xml
Sunday,7,420_2006.xml
Monday,8,420_2006.xml
Saturdays,2,420_2006.xml
Friday,1,420_2006.xml
Tuesday,2,420_2006.xml
Sundays,4,420_2007.xml
Saturday,6,420_2007.xml
Sunday,7,420_2007.xml
Monday,8,420_2007.xml
Saturdays,2,420_2007.xml
Friday,1,420_2007.xml
Tuesday,2,420_2007.xml
Sundays,4,420_2008.xml
Saturday,6,420_2008.xml
Sunday,7,420_2008.xml
Monday,8,420_2008.xml
Saturdays,2,420_2008.xml
Friday,1,420_2008.xml
Tuesday,2,420_2008.xml
Sundays,4,420_2009.xml
Saturday,6,420_2009.xml
Sunday,7,420_2009.xml
Monday,8,420_2009.xml
Saturdays,2,420_2009.xml
Friday,1,420_2009.xml
Tuesday,2,420_2009.xml
Sundays,4,420_2010.xml
Saturday,6,420_2010.xml
Sunday,7,420_2010.xml
Monday,8,420_2010.xml
Saturdays,2,420_2010.xml
Friday,1,420_2010.xml
Tuesday,2,420_2010.xml
Sundays,4,420_2011.xml
Saturday,6,420_2011.xml
Sunday,7,420_2011.xml
Monday,8,420_2011.xml
Saturdays,2,420_2011.xml
Friday,1,420_2011.xml
Tuesday,2,420_2011.xml
Sundays,4,420_2012.xml
Saturday,6,420_2012.xml
Sunday,7,420_2012.xml
Monday,8,420_2012.xml
Saturdays,2,420_2012.xml
Friday,1,420_2012.xml
Tuesday,2,420_2012.xml
Sundays,4,420_2013.xml
Saturday,6,420_2013.xml
Sunday,7,420_2013.xml
Monday,8,420_2013.xml
Saturdays,2,420_2013.xml
Friday,1,420_2013.xml
Tuesday,2,420_2013.xml
Sundays,4,420_2014.xml
Saturday,6,420_2014.xml
Sunday,7,420_2014.xml
Monday,6,420_2014.xml
Saturdays,2,420_2014.xml
Friday,1,420_2014.xml
Sundays,4,420_2015.xml
Saturday,6,420_2015.xml
Sunday,7,420_2015.xml
Monday,6,420_2015.xml
Saturdays,2,420_2015.xml
Friday,1,420_2015.xml
Sundays,4,420_2016.xml
Saturday,6,420_2016.xml
Sunday,7,420_2016.xml
Monday,6,420_2016.xml
Saturdays,2,420_2016.xml
Friday,1,420_2016.xml
Sundays,2,420_2017.xml
Saturday,6,420_2017.xml
Sunday,7,420_2017.xml
Monday,6,420_2017.xml
Friday,1,420_2017.xml
Sundays,2,420_2018.xml
Saturday,6,420_2018.xml
Sunday,7,420_2018.xml
Monday,6,420_2018.xml
Friday,1,420_2018.xml
Sundays,2,420_2019.xml
Saturday,6,420_2019.xml
Sunday,7,420_2019.xml
Monday,6,420_2019.xml
Friday,1,420_2019.xml
Sundays,1,430_1994.xml
Sundays,1,430_1995.xml
Sundays,1,430_1996.xml
Sundays,1,430_1997.xml
Sundays,1,430_1998.xml
Sundays,1,430_1999.xml
Sundays,1,430_2000.xml
Sundays,1,430_2001.xml
Sundays,1,430_2002.xml
Sundays,1,430_2003.xml
Sundays,1,430_2004.xml
Sundays,1,430_2005.xml
Sundays,1,430_2006.xml
Sundays,1,430_2007.xml
Sundays,1,430_2008.xml
Sundays,1,430_2009.xml
Sundays,1,430_2010.xml
Sundays,1,430_2011.xml
Sundays,1,430_2012.xml
Sundays,1,430_2013.xml
Sundays,1,430_2014.xml
Sundays,1,430_2015.xml
Sundays,1,430_2016.xml
Sundays,1,430_2017.xml
Sundays,1,430_2018.xml
Sundays,1,430_2019.xml
Wednesday,2,440_1994.xml
Sunday,1,440_1994.xml
Wednesday,2,440_1995.xml
Sunday,1,440_1995.xml
Wednesday,2,440_1996.xml
Sunday,1,440_1996.xml
Wednesday,2,440_1997.xml
Sunday,1,440_1997.xml
Wednesday,2,440_1998.xml
Sunday,1,440_1998.xml
Wednesday,2,440_1999.xml
Sunday,1,440_1999.xml
Wednesday,2,440_2000.xml
Sunday,1,440_2000.xml
Wednesday,2,440_2001.xml
Sunday,1,440_2001.xml
Wednesday,2,440_2002.xml
Sunday,1,440_2002.xml
Wednesday,2,440_2003.xml
Sunday,1,440_2003.xml
Wednesday,2,440_2004.xml
Sunday,1,440_2004.xml
Wednesday,2,440_2005.xml
Sunday,1,440_2005.xml
Wednesday,2,440_2006.xml
Sunday,1,440_2006.xml
Wednesday,2,440_2007.xml
Sunday,1,440_2007.xml
Wednesday,2,440_2008.xml
Sunday,1,440_2008.xml
Wednesday,2,440_2009.xml
Sunday,1,440_2009.xml
Wednesday,2,440_2010.xml
Sunday,1,440_2010.xml
Wednesday,2,440_2011.xml
Sunday,1,440_2011.xml
Wednesday,2,440_2012.xml
Sunday,1,440_2012.xml
Wednesday,2,440_2013.xml
Sunday,1,440_2013.xml
Wednesday,2,440_2014.xml
Sunday,1,440_2014.xml
Saturdays,2,440_2014.xml
Sundays,2,440_2014.xml
Wednesday,2,440_2015.xml
Sunday,1,440_2015.xml
Saturdays,2,440_2015.xml
Sundays,2,440_2015.xml
Wednesday,2,440_2016.xml
Sunday,1,440_2016.xml
Saturdays,2,440_2016.xml
Sundays,2,440_2016.xml
Wednesday,2,440_2017.xml
Sunday,1,440_2017.xml
Saturdays,2,440_2017.xml
Sundays,2,440_2017.xml
Wednesday,2,440_2018.xml
Sunday,1,440_2018.xml
Saturdays,2,440_2018.xml
Sundays,2,440_2018.xml
Wednesday,2,440_2019.xml
Sunday,1,440_2019.xml
Saturdays,2,440_2019.xml
Sundays,2,440_2019.xml
Sundays,5,460_1994.xml
Sundays,5,460_1995.xml
Sundays,5,460_1996.xml
Sundays,5,460_1997.xml
Sundays,5,460_1998.xml
Sundays,5,460_1999.xml
Sundays,5,460_2000.xml
Sundays,5,460_2001.xml
Sundays,5,460_2002.xml
Sundays,5,460_2003.xml
Sundays,5,460_2004.xml
Sundays,5,460_2005.xml
Sundays,5,460_2006.xml
Sundays,5,460_2007.xml
Sundays,5,460_2008.xml
Sundays,5,460_2009.xml
Sundays,5,460_2010.xml
Sundays,5,460_2011.xml
Sundays,5,460_2012.xml
Sundays,5,460_2013.xml
Sundays,5,460_2014.xml
Sundays,5,460_2015.xml
Sundays,5,460_2016.xml
Sundays,5,460_2017.xml
Sundays,5,460_2018.xml
Sundays,5,460_2019.xml
Sundays,1,470_1994.xml
Sunday,1,470_1994.xml
Sundays,1,470_1995.xml
Sunday,1,470_1995.xml
Sundays,1,470_1996.xml
Sunday,1,470_1996.xml
Sundays,1,470_1997.xml
Sunday,1,470_1997.xml
Sundays,1,470_1998.xml
Sunday,1,470_1998.xml
Sundays,1,470_1999.xml
Sunday,1,470_1999.xml
Sundays,1,470_2000.xml
Sunday,1,470_2000.xml
Sundays,1,470_2001.xml
Sunday,1,470_2001.xml
Sundays,1,470_2002.xml
Sunday,1,470_2002.xml
Sundays,1,470_2003.xml
Sunday,1,470_2003.xml
Sundays,1,470_2004.xml
Sunday,1,470_2004.xml
Sundays,1,470_2005.xml
Sunday,1,470_2005.xml
Sundays,1,470_2006.xml
Sunday,1,470_2006.xml
Sundays,1,470_2007.xml
Sunday,1,470_2007.xml
Sundays,1,470_2008.xml
Sunday,1,470_2008.xml
Sundays,1,470_2009.xml
Sunday,1,470_2009.xml
Sundays,1,470_2010.xml
Sunday,1,470_2010.xml
Sundays,1,470_2011.xml
Sunday,1,470_2011.xml
Sundays,1,470_2012.xml
Sunday,1,470_2012.xml
Sundays,1,470_2013.xml
Sunday,1,470_2013.xml
Sundays,1,470_2014.xml
Sunday,1,470_2014.xml
Sundays,1,470_2015.xml
Sunday,1,470_2015.xml
Sundays,1,470_2016.xml
Sunday,1,470_2016.xml
Sundays,1,470_2017.xml
Sunday,1,470_2017.xml
Sundays,1,470_2018.xml
Sunday,1,470_2018.xml
Sundays,1,470_2019.xml
Sunday,1,470_2019.xml
Monday,11,480_1994.xml
Tuesday,2,480_1994.xml
Sundays,2,480_1994.xml
Monday,11,480_1995.xml
Tuesday,2,480_1995.xml
Sundays,2,480_1995.xml
Monday,11,480_1996.xml
Tuesday,2,480_1996.xml
Sundays,2,480_1996.xml
Monday,11,480_1997.xml
Tuesday,2,480_1997.xml
Sundays,2,480_1997.xml
Monday,11,480_1998.xml
Tuesday,2,480_1998.xml
Sundays,2,480_1998.xml
Monday,11,480_1999.xml
Tuesday,2,480_1999.xml
Sundays,2,480_1999.xml
Monday,11,480_2000.xml
Tuesday,2,480_2000.xml
Sundays,2,480_2000.xml
Monday,11,480_2001.xml
Tuesday,2,480_2001.xml
Sundays,2,480_2001.xml
Monday,11,480_2002.xml
Tuesday,2,480_2002.xml
Sundays,2,480_2002.xml
Monday,11,480_2003.xml
Tuesday,2,480_2003.xml
Sundays,2,480_2003.xml
Monday,11,480_2004.xml
Tuesday,2,480_2004.xml
Sundays,2,480_2004.xml
Monday,11,480_2005.xml
Tuesday,2,480_2005.xml
Sundays,2,480_2005.xml
Monday,11,480_2006.xml
Tuesday,2,480_2006.xml
Sundays,2,480_2006.xml
Monday,11,480_2007.xml
Tuesday,2,480_2007.xml
Sundays,2,480_2007.xml
Monday,11,480_2008.xml
Tuesday,2,480_2008.xml
Sundays,2,480_2008.xml
Monday,11,480_2009.xml
Tuesday,2,480_2009.xml
Sundays,2,480_2009.xml
Monday,11,480_2010.xml
Tuesday,2,480_2010.xml
Sundays,2,480_2010.xml
Monday,11,480_2011.xml
Tuesday,2,480_2011.xml
Sundays,2,480_2011.xml
Monday,11,480_2012.xml
Tuesday,2,480_2012.xml
Sundays,2,480_2012.xml
Monday,11,480_2013.xml
Tuesday,2,480_2013.xml
Sundays,2,480_2013.xml
Monday,11,480_2014.xml
Tuesday,2,480_2014.xml
Sundays,2,480_2014.xml
Monday,11,480_2015.xml
Tuesday,2,480_2015.xml
Sundays,2,480_2015.xml
Monday,11,480_2016.xml
Tuesday,2,480_2016.xml
Sundays,2,480_2016.xml
Monday,11,480_2017.xml
Tuesday,2,480_2017.xml
Sundays,2,480_2017.xml
Monday,11,480_2018.xml
Tuesday,2,480_2018.xml
Sundays,2,480_2018.xml
Monday,11,480_2019.xml
Tuesday,2,480_2019.xml
Sundays,2,480_2019.xml
Saturdays,4,490_1994.xml
Sundays,4,490_1994.xml
Sunday,2,490_1994.xml
Sunday,2,490_1995.xml
Saturdays,1,490_1996.xml
Sundays,1,490_1996.xml
Sunday,2,490_1996.xml
Saturdays,1,490_1997.xml
Sundays,1,490_1997.xml
Sunday,2,490_1997.xml
Saturdays,1,490_1998.xml
Sundays,1,490_1998.xml
Monday,1,490_1998.xml
Sunday,2,490_1998.xml
Saturdays,1,490_1999.xml
Sundays,1,490_1999.xml
Monday,1,490_1999.xml
Sunday,2,490_1999.xml
Saturdays,1,490_2000.xml
Sundays,1,490_2000.xml
Monday,1,490_2000.xml
Sunday,2,490_2000.xml
Saturdays,1,490_2001.xml
Sundays,1,490_2001.xml
Monday,1,490_2001.xml
Sunday,2,490_2001.xml
Saturdays,1,490_2002.xml
Sundays,1,490_2002.xml
Monday,1,490_2002.xml
Sunday,2,490_2002.xml
Saturdays,1,490_2003.xml
Sundays,1,490_2003.xml
Monday,1,490_2003.xml
Sunday,2,490_2003.xml
Saturdays,1,490_2004.xml
Sundays,1,490_2004.xml
Monday,1,490_2004.xml
Sunday,2,490_2004.xml
Saturdays,1,490_2005.xml
Sundays,1,490_2005.xml
Monday,2,490_2005.xml
Sunday,2,490_2005.xml
Saturdays,1,490_2006.xml
Sundays,1,490_2006.xml
Monday,2,490_2006.xml
Sunday,2,490_2006.xml
Saturdays,1,490_2007.xml
Sundays,1,490_2007.xml
Monday,2,490_2007.xml
Sunday,2,490_2007.xml
Saturdays,1,490_2008.xml
Sundays,1,490_2008.xml
Monday,2,490_2008.xml
Sunday,2,490_2008.xml
Saturdays,1,490_2009.xml
Sundays,1,490_2009.xml
Monday,2,490_2009.xml
Sunday,2,490_2009.xml
Saturdays,1,490_2010.xml
Sundays,1,490_2010.xml
Monday,2,490_2010.xml
Sunday,2,490_2010.xml
Saturdays,1,490_2011.xml
Sundays,1,490_2011.xml
Monday,2,490_2011.xml
Sunday,2,490_2011.xml
Saturdays,1,490_2012.xml
Sundays,1,490_2012.xml
Monday,4,490_2012.xml
Sunday,2,490_2012.xml
Saturdays,1,490_2013.xml
Sundays,1,490_2013.xml
Monday,4,490_2013.xml
Sunday,2,490_2013.xml
Saturdays,1,490_2014.xml
Sundays,1,490_2014.xml
Monday,4,490_2014.xml
Sunday,2,490_2014.xml
Saturdays,1,490_2015.xml
Sundays,1,490_2015.xml
Monday,4,490_2015.xml
Sunday,2,490_2015.xml
Saturdays,1,490_2016.xml
Sundays,1,490_2016.xml
Monday,4,490_2016.xml
Sunday,2,490_2016.xml
Saturdays,1,490_2017.xml
Sundays,1,490_2017.xml
Monday,4,490_2017.xml
Sunday,2,490_2017.xml
Saturdays,1,490_2018.xml
Sundays,1,490_2018.xml
Monday,4,490_2018.xml
Sunday,2,490_2018.xml
Saturdays,1,490_2019.xml
Sundays,1,490_2019.xml
Monday,4,490_2019.xml
Sunday,2,490_2019.xml
Monday,1,500_2007.xml
Monday,1,500_2008.xml
Monday,1,500_2009.xml
Monday,1,500_2010.xml
Monday,1,500_2011.xml
Monday,1,500_2012.xml
Monday,1,500_2013.xml
Monday,4,500_2014.xml
Monday,3,500_2015.xml
Sunday,1,500_2015.xml
Monday,3,500_2016.xml
Sunday,1,500_2016.xml
Monday,1,500_2017.xml
Sunday,1,500_2017.xml
Monday,1,500_2018.xml
Sunday,1,500_2018.xml
Monday,1,500_2019.xml
Sunday,1,500_2019.xml
Tuesday,2,520_2014.xml
Monday,2,520_2014.xml
Tuesday,2,520_2015.xml
Monday,2,520_2015.xml
Tuesday,2,520_2016.xml
Monday,2,520_2016.xml
Tuesday,2,520_2017.xml
Monday,2,520_2017.xml
Tuesday,2,520_2018.xml
Monday,2,520_2018.xml
Tuesday,2,520_2019.xml
Monday,2,520_2019.xml
